Question,Img,Correct Answer,Answer2,Answer3,Answer4,Subcategory,Category,Difficulty
What celestial body is being displayed?,https://upload.wikimedia.org/wikipedia/commons/thumb/4/4a/Mercury_in_true_color.jpg/640px-Mercury_in_true_color.jpg,Mercury,Ceres,Moon,Uranus,Space,Science,5
What celestial body is being displayed?,https://upload.wikimedia.org/wikipedia/commons/thumb/e/e1/FullMoon2010.jpg/800px-FullMoon2010.jpg,Moon,Mercury,Neptune,Halley's Comet,Space,Science,1
What celestial body is being displayed?,https://nssdc.gsfc.nasa.gov/planetary/image/venus.jpg,Venus,Sun,Mercury,Jupiter,Space,Science,4
What celestial body is being displayed?,https://upload.wikimedia.org/wikipedia/commons/thumb/9/97/The_Earth_seen_from_Apollo_17.jpg/800px-The_Earth_seen_from_Apollo_17.jpg,Earth,Moon,Mars,Kepler452-b,Space,Science,1
What celestial body is being displayed?,https://upload.wikimedia.org/wikipedia/commons/thumb/0/0c/Mars_-_August_30_2021_-_Flickr_-_Kevin_M._Gill.png/1200px-Mars_-_August_30_2021_-_Flickr_-_Kevin_M._Gill.png,Mars,Mercury,Jupiter,Saturn,Space,Science,3
What celestial body is being displayed?,https://upload.wikimedia.org/wikipedia/commons/thumb/2/2b/Jupiter_and_its_shrunken_Great_Red_Spot.jpg/640px-Jupiter_and_its_shrunken_Great_Red_Spot.jpg,Jupiter,Uranus,Mars,Saturn,Space,Science,1
What celestial body is being displayed?,https://upload.wikimedia.org/wikipedia/commons/thumb/c/c7/Saturn_during_Equinox.jpg/640px-Saturn_during_Equinox.jpg,Saturn,Venus,Pluto,Moon,Space,Science,1
What celestial body is being displayed?,https://upload.wikimedia.org/wikipedia/commons/thumb/6/69/Uranus_Voyager2_color_calibrated.png/800px-Uranus_Voyager2_color_calibrated.png,Uranus,Titan,Neptune,Earth,Space,Science,5
What celestial body is being displayed?,https://upload.wikimedia.org/wikipedia/commons/b/b9/Neptune_Voyager2_color_calibrated.png,Neptune,Uranus,Pluto,Venus,Space,Science,5
What celestial body is being displayed?,https://upload.wikimedia.org/wikipedia/commons/thumb/e/ef/Pluto_in_True_Color_-_High-Res.jpg/1200px-Pluto_in_True_Color_-_High-Res.jpg,Pluto,Mars,Moon,Venus,Space,Science,5
What celestial body is being displayed?,https://i.natgeofe.com/k/acd528f6-0862-4a81-94d9-29084bdc0d47/sun_3x4.jpg,Sun,Jupiter,Venus,Mercury,Space,Science,1
What celestial body is being displayed?,https://upload.wikimedia.org/wikipedia/commons/thumb/7/76/Ceres_-_RC3_-_Haulani_Crater_%2822381131691%29_%28cropped%29.jpg/800px-Ceres_-_RC3_-_Haulani_Crater_%2822381131691%29_%28cropped%29.jpg,Ceres,Mercury,Moon,Ganymede,Space,Science,5
What celestial body is being displayed?,https://upload.wikimedia.org/wikipedia/commons/thumb/b/b3/Europa_-_Perijove_45_%28cropped%29.png/290px-Europa_-_Perijove_45_%28cropped%29.png,Europa,Titan,Ceres,Mars,Space,Science,5
What celestial body is being displayed?,https://upload.wikimedia.org/wikipedia/commons/2/21/Ganymede_-_Perijove_34_Composite.png,Jupiter III,Jupiter,Moon,Europa,Space,Science,5
What celestial body is being displayed?,https://discovery.sndimg.com/content/dam/images/discovery/editorial/podcasts/Curiosity/2020/3/Milky_Way_The_Hubble_Heritage_Team_AURA_STScI_NASA.jpg.rend.hgtvcom.1280.1280.suffix/1583191585563.jpeg,Milky Way,Andromeda,Large Magellanic Cloud,Comet Galaxy,Space,Science,2
What celestial body is being displayed?,https://cdn.esawebb.org/archives/videos/videoframe/weic2427a.jpg,Sombrero Galaxy,Milky Way,Andromeda,Black Eye Galaxy,Space,Science,3
What celestial body is being displayed?,https://upload.wikimedia.org/wikipedia/commons/thumb/f/fe/Titan_in_true_color_by_Kevin_M._Gill.jpg/640px-Titan_in_true_color_by_Kevin_M._Gill.jpg,Titan,Uranus,Mercury,Ganymede,Space,Science,5
What celestial body is being displayed?,https://upload.wikimedia.org/wikipedia/commons/8/86/NASA-Deimos-MarsMoon-20090221.jpg,Deimos,Kepler452-b,Halley's Comet,Pallas,Space,Science,5
What celestial body is being displayed?,https://upload.wikimedia.org/wikipedia/commons/thumb/7/7b/Io_highest_resolution_true_color.jpg/290px-Io_highest_resolution_true_color.jpg,Io,Deimos,Ganymede,Jupiter,Space,Science,5
What celestial body is being displayed?,https://upload.wikimedia.org/wikipedia/commons/thumb/2/2f/Callisto_-_July_8_1979_%2838926064465%29.jpg/290px-Callisto_-_July_8_1979_%2838926064465%29.jpg,Callisto,Calliope,Io,Jupiter III,Space,Science,5
Which country uses the flag shown?,https://cdn.britannica.com/33/4833-050-F6E415FE/Flag-United-States-of-America.jpg,United States,Australia,United Kingdom,Canada,Flags,Geography,1
Which country uses the flag shown?,https://upload.wikimedia.org/wikipedia/commons/thumb/d/d9/Flag_of_Canada_%28Pantone%29.svg/800px-Flag_of_Canada_%28Pantone%29.svg.png,Canada,Australia,United States,Japan,Flags,Geography,1
Which country uses the flag shown?,https://upload.wikimedia.org/wikipedia/commons/thumb/a/a5/Flag_of_the_United_Kingdom_%281-2%29.svg/1200px-Flag_of_the_United_Kingdom_%281-2%29.svg.png,United Kingdom,New Zealand,Ghana,Australia,Flags,Geography,1
Which country uses the flag shown?,https://cdn.britannica.com/90/7490-050-5D33348F/Flag-China.jpg,China,Japan,Russia,North Korea,Flags,Geography,2
Which country uses the flag shown?,https://upload.wikimedia.org/wikipedia/en/thumb/9/9e/Flag_of_Japan.svg/640px-Flag_of_Japan.svg.png,Japan,China,South Korea,India,Flags,Geography,2
Which country uses the flag shown?,https://upload.wikimedia.org/wikipedia/en/thumb/c/c3/Flag_of_France.svg/800px-Flag_of_France.svg.png,France,Netherlands,Belgium,Italy,Flags,Geography,3
Which country uses the flag shown?,https://upload.wikimedia.org/wikipedia/en/thumb/f/f3/Flag_of_Russia.svg/640px-Flag_of_Russia.svg.png,Russia,Netherlands,Romania,Belarus,Flags,Geography,3
Which country uses the flag shown?,https://upload.wikimedia.org/wikipedia/commons/thumb/d/d4/Flag_of_Israel.svg/1200px-Flag_of_Israel.svg.png,Israel,Saudi Arabia,Mongolia,Nepal,Flags,Geography,2
Which country uses the flag shown?,https://cdn.britannica.com/97/897-050-0BFECDA5/Flag-Germany.jpg,Germany,Liechtenstein,Belgium,Switzerland,Flags,Geography,3
Which country uses the flag shown?,https://www.shutterstock.com/shutterstock/videos/3609540873/thumb/1.jpg?ip=x480,Switzerland,Italy,Montenegro,Slovenia,Flags,Geography,3
Which country uses the flag shown?,https://upload.wikimedia.org/wikipedia/commons/4/45/Flag_of_Ireland.svg,Ireland,Malta,Greenland,Romania,Flags,Geography,2
Which country uses the flag shown?,https://upload.wikimedia.org/wikipedia/en/thumb/4/41/Flag_of_India.svg/640px-Flag_of_India.svg.png,India,Bangladesh,Pakistan,Iraq,Flags,Geography,3
Which country uses the flag shown?,https://upload.wikimedia.org/wikipedia/en/0/05/Flag_of_Brazil.svg,Brazil,Portugal,Suriname,Argentina,Flags,Geography,3
Which country uses the flag shown?,https://upload.wikimedia.org/wikipedia/commons/thumb/0/09/Flag_of_South_Korea.svg/1200px-Flag_of_South_Korea.svg.png,South Korea,Japan,Mongolia,American Samoa,Flags,Geography,3
Which country uses the flag shown?,https://upload.wikimedia.org/wikipedia/commons/thumb/9/9b/Flag_of_Nepal.svg/800px-Flag_of_Nepal.svg.png,Nepal,Bangladesh,Christmas Island,Solomon Islands,Flags,Geography,5
Which country uses the flag shown?,https://upload.wikimedia.org/wikipedia/commons/thumb/a/ab/Flag_of_Panama.svg/1200px-Flag_of_Panama.svg.png,Panama,Belize,Tuvalu,Rwanda,Flags,Geography,5
Which country uses the flag shown?,https://as2.ftcdn.net/v2/jpg/01/01/18/67/1000_F_101186793_Myz62HXoyWdr4rk09zCpjFItWpvoLckX.jpg,Denmark,Norway,Sweden,Finland,Flags,Geography,5
Which country uses the flag shown?,https://upload.wikimedia.org/wikipedia/commons/thumb/9/9f/Flag_of_Indonesia.svg/800px-Flag_of_Indonesia.svg.png,Indonesia,Poland,Moldova,Cambodia,Flags,Geography,5
Which country uses the flag shown?,https://upload.wikimedia.org/wikipedia/commons/7/79/Flag_of_Nigeria.svg,Nigeria,Ireland,Croatia,Czechia,Flags,Geography,5
Which country uses the flag shown?,https://cdn.britannica.com/27/4227-050-00DBD10A/Flag-South-Africa.jpg,South Africa,Paraguay,Papau New Guinea,Sri Lanka,Flags,Geography,5
What country is world leader Donald Trump from?,https://upload.wikimedia.org/wikipedia/commons/thumb/5/56/Donald_Trump_official_portrait.jpg/1200px-Donald_Trump_official_portrait.jpg,United States,Canada,Japan,Hungary,Leaders,Geography,1
What country is world leader Narendra Modi from?,https://upload.wikimedia.org/wikipedia/commons/thumb/4/44/Shri_Narendra_Modi%2C_Prime_Minister_of_India.jpg/640px-Shri_Narendra_Modi%2C_Prime_Minister_of_India.jpg,India,Pakistan,Saudi Arabia,Cambodia,Leaders,Geography,3
What country is world leader Vladmir Putin from?,https://www.reuters.com/resizer/v2/A5MPNK6Y4ZJQ5OZCFUYFAPNCI4.jpg?auth=8efb262248801cbc6fbe7a017dd296b7ec62796b743d25ffa800dba3823ed85d&width=5713&quality=80,Russia,Ukraine,Slovakia,Iran,Leaders,Geography,2
What country is world leader Kim Jong Un from?,https://upload.wikimedia.org/wikipedia/commons/6/6e/Kim_Jong-un_April_2019_%28cropped%29.jpg,North Korea,South Korea,Myanmar,Brunei,Leaders,Geography,2
What country is world leader Justin Trudeau from?,https://static.independent.co.uk/s3fs-public/thumbnails/image/2016/03/30/16/justin-trudeau.jpg?quality=75&width=1200&auto=webp,Canada,United States,France,Netherlands,Leaders,Geography,2
What country is world leader Xi Jingping from?,https://cdn.britannica.com/69/226469-050-1CD010B8/President-of-China-Xi-Jinping.jpg,China,Japan,Taiwan,South Korea,Leaders,Geography,2
What country is world leader Emmanuel Macron from?,https://upload.wikimedia.org/wikipedia/commons/thumb/a/ac/Emmanuel_Macron_August_2024.jpg/800px-Emmanuel_Macron_August_2024.jpg,France,Canada,Nicaragua,Ivory Coast,Leaders,Geography,3
What country is world leader AMLO from?,https://latinoamerica21.com/wp-content/uploads/2022/12/309-C.webp,Mexico,Thailand,Ecuador,Cuba,Leaders,Geography,4
What country is world leader Binyamin Netanyahu from?,https://cdn.britannica.com/37/262937-050-E1EF4E21/Israel-Prime-Minister-Benjamin-Netanyahu-addresses-US-Congress-Washington-DC-July-24-2024.jpg,Israel,France,Jordan,Indonesia,Leaders,Geography,3
What country is world leader Mohammed bin Salmen from?,https://akm-img-a-in.tosshub.com/businesstoday/images/story/202209/2022-07-11t050032z_1646764971_rc2g9v9jyrkx_rtrmadp_3_usa-saudi-arms-sixteen_nine-sixteen_nine.jpg?size=1200:675,Saudi Arabia,Qatar,Iran,Syria,Leaders,Geography,3
What country is world leader Jacinda Arden from?,"https://assets.vogue.com/photos/5a8314a0d9fbe859992545d3/4:3/w_4999,h_3749,c_limit/jacinda-ardern-vogue-march-2018.jpg",New Zealand,Norway,Iceland,United States,Leaders,Geography,5
What country is  world leader Bola Tindu from?,https://cdn.britannica.com/22/182122-050-FD253A82/Muhammadu-Buhari-2014.jpg?w=400&h=300&c=crop,Nigeria,United Arab Emirates,Mali,Yemen,Leaders,Geography,5
What country is world leader Xiomara Castro from?,"https://www.inquirer.com/resizer/v2/BHI5PXQQEJCP3A3656WVYOTU6A.jpg?auth=7325ee40acff4ca9623e036070cd3dd8efa6bd13b80588f9f7d40b06ddf5f36c&focal=3720,2025&width=760&height=507",Honduras,Sweden,Angola,Malaysia,Leaders,Geography,5
What country is world leader Alexander Lukashenko from?,https://media-cldnry.s-nbcnews.com/image/upload/rockcms/2023-05/230529-lukashenko-mb-0931-fbda53.jpg,Belarus,England,Ireland,Albania,Leaders,Geography,4
What country  is world leader Javier Milei from?,"https://media-cldnry.s-nbcnews.com/image/upload/t_fit-760w,f_auto,q_auto:best/rockcms/2023-11/231120-javier-milei-mn-0608-47acd3.jpg",Argentina,Chile,Hungary,Slovenia,Leaders,Geography,4
What country is world leader Aung San Suu Kyi from?,"https://media.newyorker.com/photos/59baf704b642a356265603ae/4:3/w_3112,h_2334,c_limit/Jacobson-Aung-San-Suu-Kyi.jpg",Myanmar,China,Malaysia,Laos,Leaders,Geography,5
What country is world leader Ukhnaagiin Khurelsukh from?,https://ichef.bbci.co.uk/ace/standard/976/cpsprodpb/1412D/production/_128412228_gettyimages-1244604260.jpg,Mongolia,Kazakhstan,Kyrgyzstan,South Korea,Leaders,Geography,5
What country is world leader Giorgia Meloni from?,"https://www.economist.com/cdn-cgi/image/width=1424,quality=80,format=auto/content-assets/images/20241026_EUP505.jpg",Italy,Iceland,Romania,Canada,Leaders,Geography,4
What country is world leader Volodymr Zelenskyy from?,https://assets.weforum.org/sf_account/image/gPMAlpvazGKLSBzwmSHYguu0L5mIkY89fQf_1qAdCT8.jpg,Ukraine,Russia,Belarus,Latvia,Leaders,Geography,3
In what country is the Statue of Library located?,https://cdn.britannica.com/31/94231-050-C6B60B89/Statue-of-Liberty-Island-Upper-New-York.jpg,United States,France,Russia,North Korea,Monuments,Geography,1
In what country is the Great Wall located?,https://upload.wikimedia.org/wikipedia/commons/thumb/2/23/The_Great_Wall_of_China_at_Jinshanling-edit.jpg/250px-The_Great_Wall_of_China_at_Jinshanling-edit.jpg,China,Thailand,India,United States,Monuments,Geography,1
In what country is the Eiffel Tower located?,https://upload.wikimedia.org/wikipedia/commons/thumb/8/85/Tour_Eiffel_Wikimedia_Commons_%28cropped%29.jpg/800px-Tour_Eiffel_Wikimedia_Commons_%28cropped%29.jpg,France,United States,Japan,Canada,Monuments,Geography,1
In what country is the Colosseum located?,https://upload.wikimedia.org/wikipedia/commons/thumb/d/de/Colosseo_2020.jpg/1200px-Colosseo_2020.jpg,Italy,Greece,Tunisia,Germany,Monuments,Geography,2
In what country is Taj Mahal located?,https://upload.wikimedia.org/wikipedia/commons/thumb/1/1d/Taj_Mahal_%28Edited%29.jpeg/1200px-Taj_Mahal_%28Edited%29.jpeg,India,Pakistan,Vietnam,Bangladesh,Monuments,Geography,2
In what country is Big Ben located?,https://upload.wikimedia.org/wikipedia/commons/thumb/4/43/Elizabeth_Tower%2C_June_2022.jpg/1200px-Elizabeth_Tower%2C_June_2022.jpg,England,Northern Ireland,Scotland,Wales,Monuments,Geography,2
In what country is the Uffizi?,https://upload.wikimedia.org/wikipedia/commons/d/d7/Florence%2C_Italy_-_panoramio_%28125%29.jpg,Italy,Poland,Russia,Spain,Monuments,Geography,4
In what country is Angkor Wat?,https://upload.wikimedia.org/wikipedia/commons/thumb/d/d4/20171126_Angkor_Wat_4712_DxO.jpg/1200px-20171126_Angkor_Wat_4712_DxO.jpg,Cambodia,Peru,Myanmar,Mexico,Monuments,Geography,3
In what country is the Christ the Redeemer Statue?,https://upload.wikimedia.org/wikipedia/commons/thumb/4/4f/Christ_the_Redeemer_-_Cristo_Redentor.jpg/1200px-Christ_the_Redeemer_-_Cristo_Redentor.jpg,Brazil,Greece,Egypt,Venezuela,Monuments,Geography,2
In what country is the Alhambra?,https://cdn-imgix.headout.com/media/images/4f89d6eeb324e19ee61af4fb172380e9-18731-granada-the-alhambra-palace---skip-the-line-e-ticket-with-audio-tour-on-your-phone-04.jpg?auto=format&w=1051.2&h=540&q=90&fit=fit,Spain,Romania,Egypt,Morocco,Monuments,Geography,5
In what country is St. Peter's Basilica?,https://www.basilicasanpietro.va/uploads/cupola_dettaglio_64e72ecf22.jpg,The Vatican,Poland,Ukraine,Germany,Monuments,Geography,3
In what country is the Statue of Unity?,https://upload.wikimedia.org/wikipedia/commons/thumb/0/07/Statue_of_Unity.jpg/640px-Statue_of_Unity.jpg,India,North Korea,Belarus,Cuba,Monuments,Geography,5
In what country is Lazienki Palace?,https://upload.wikimedia.org/wikipedia/commons/thumb/e/ec/Warszawa_-_Pa%C5%82ac_%C5%81azienkowski_%2813%29.jpg/1920px-Warszawa_-_Pa%C5%82ac_%C5%81azienkowski_%2813%29.jpg,Poland,Japan,Serbia,Vietnam,Monuments,Geography,5
In what country is Chicen Itza?,https://upload.wikimedia.org/wikipedia/commons/thumb/5/51/Chichen_Itza_3.jpg/2560px-Chichen_Itza_3.jpg,Mexico,Guatemala,Thailand,United Kingdom,Monuments,Geography,5
In what country is Machu Picchu?,https://upload.wikimedia.org/wikipedia/commons/e/eb/Machu_Picchu%2C_Peru.jpg,Peru,China,Mexico,Cambodia,Monuments,Geography,4
In what country is Castillo San Felipe?,https://masoncontractors.azurewebsites.net/private/pages/iStock-510405852_07-29-2024_15-37-26.jpg,Colombia,Spain,United States,Guinea,Monuments,Geography,5
In what country is Stonehenge?,https://upload.wikimedia.org/wikipedia/commons/3/3c/Stonehenge2007_07_30.jpg,England,Scotland,Wales,Northern Ireland,Monuments,Geography,3
In what country is the Palace of Versaille?,https://cdn.britannica.com/65/114465-050-8C96BD81/Hall-of-Mirrors-ceiling-Jules-Hardouin-Mansart-Charles.jpg,France,Austria,Canada,Mongolia,Monuments,Geography,1
In what country is the Mysore Palace?,https://upload.wikimedia.org/wikipedia/commons/thumb/a/a4/Mysore_Palace_Morning.jpg/1200px-Mysore_Palace_Morning.jpg,India,Russia,Venezuela,Nigeria,Monuments,Geography,5
In what country is the Shangra-La Mansion?,https://upload.wikimedia.org/wikipedia/commons/thumb/7/71/Shangri-La_%28house%29_%2848767250303%29_%28cropped%29.jpg/1200px-Shangri-La_%28house%29_%2848767250303%29_%28cropped%29.jpg,United States,China,Philippines,Brunei,Monuments,Geography,4
What is the body of water pictured?,https://cdn.britannica.com/90/150790-050-081325A0/view-Bahr-Al-Jabal-South-Sudan-Juba.jpg,The Nile,The Amazon,The Mississippi,The Rhine,Bodies of Water,Geography,4
What is the body of water pictured?,https://www.worldatlas.com/upload/15/cb/6a/shutterstock-1288634608.jpg,The Amazon,The Nile,The Mississippi,The Yangtze,Bodies of Water,Geography,4
What is the body of water pictured?,https://cdn.britannica.com/77/152577-050-5563FDA0/bend-Yangtze-River-Yunnan-China.jpg,The Yangtze,The Nile,The Amazon,The Rhine,Bodies of Water,Geography,4
What is the body of water pictured?,https://cdn.britannica.com/14/99614-050-9BD6509A/Rhine-River-Germany.jpg,The Rhine,The Mississippi,The Yangtze,The Ganges,Bodies of Water,Geography,4
What is the body of water pictured?,https://upload.wikimedia.org/wikipedia/commons/b/b9/Varanasiganga.jpg,The Ganges,The Nile,The Yangtze,The Rhine,Bodies of Water,Geography,4
What is the body of water pictured?,https://fmr.org/files/gorge-jimhudak.png,The Mississippi,The Yangtze,The Amazon,The Danube,Bodies of Water,Geography,4
What is the body of water pictured?,https://cdn.britannica.com/64/136864-050-D946A79B/Boats-River-Thames-London-Tower-Bridge.jpg,The Thames,The Danube,The Mississippi,The Ganges,Bodies of Water,Geography,4
What is the body of water pictured?,https://upload.wikimedia.org/wikipedia/commons/thumb/5/53/View_from_Gell%C3%A9rt_Hill_to_the_Danube%2C_Hungary_-_Budapest_%2828493220635%29.jpg/800px-View_from_Gell%C3%A9rt_Hill_to_the_Danube%2C_Hungary_-_Budapest_%2828493220635%29.jpg,The Danube,The Rhine,the Thames,The Mississippi,Bodies of Water,Geography,5
What is the body of water pictured?,https://i.natgeofe.com/n/92e0a20d-5a26-4e8b-a2cc-761e2b90b0e0/h_28.9204383.jpg?w=2880&h=1920,The Seine,The Mississippi,The Danube,The Nile,Bodies of Water,Geography,5
What is the body of water pictured?,https://upload.wikimedia.org/wikipedia/commons/thumb/3/32/Rio_Grande_in_Big_Bend_NP.jpg/1200px-Rio_Grande_in_Big_Bend_NP.jpg,The Rio Grande,The Nile,The Amazon,The Yangtze,Bodies of Water,Geography,5
What is the tallest mountain in the world?,https://upload.wikimedia.org/wikipedia/commons/b/b6/Mount_Everest_as_seen_from_Drukair2_PLW_edit_Cropped.jpg,Mt. Everest,K2,Mt. Rainier,Matterhorn,Mountains,Geography,1
Which mountain is located in Greece?,https://upload.wikimedia.org/wikipedia/commons/e/e8/Olympus_National_Park_30.jpg,Mt. Olympus,Mt. Everest,Mont Blanc,Manaslu,Mountains,Geography,1
What is the second tallest mountain in the world?,https://upload.wikimedia.org/wikipedia/commons/c/c9/Chogori.jpg,K2,Lhotse,Mt. Rainier,Cho Oyu,Mountains,Geography,3
What is the third tallest mountain in the world?,https://upload.wikimedia.org/wikipedia/commons/thumb/5/57/Kangchenjunga%2C_India.jpg/800px-Kangchenjunga%2C_India.jpg,Kanchenjunga,K2,Lhotse,Cho Oyu,Mountains,Geography,5
What is the most dangerous mountain in the world?,https://images.squarespace-cdn.com/content/v1/55d729cfe4b00ab3960e7989/1722530755302-69CFJ4OKY75LXTFIJQK5/unsplash-image-gpvzeM0Kmgw.jpg,Annapurna I,K2,Mt. Everest,Mt. Blackburn,Mountains,Geography,5
Which mountain is being shown?,https://images.squarespace-cdn.com/content/v1/57b72100e4fcb5e4aef2f4c4/be1c999c-8f37-49ed-ad59-d9b9f96dbb92/Mount-Fuji-Shizuoka-World-Heritage-Center-View-by-Joshua-Meyer.jpeg,Mount Fuji,Mt. Olympus,Lhotse,Mt. Diamondhead,Mountains,Geography,3
Which volcano is being shown?,https://loveoahu.org/wp-content/uploads/diamond-head-edited.jpg,Le'ahi,Krakatoa,St. Helens,Mt. Erebus,Mountains,Geography,4
Which volcano is being shown?,https://upload.wikimedia.org/wikipedia/commons/d/dc/MSH82_st_helens_plume_from_harrys_ridge_05-19-82.jpg,St. Helens,Vesuvius,Kilauea,Ijen,Mountains,Geography,4
Which volcano is being shown?,https://smv.org/media/images/2019.06.24_vesuvius1_N1grK4c.width-1200.jpg,Vesuvius,Krakatoa,Mt. Olympus,Hekla,Mountains,Geography,3
What's the tallest mountain in the United States?,https://upload.wikimedia.org/wikipedia/commons/thumb/9/91/Wonder_Lake_and_Denali.jpg/640px-Wonder_Lake_and_Denali.jpg,Denali,Mt. Rainier,St. Helens,Mt. Whitney,Mountains,Geography,5
What continent do giant pandas come from?,https://static01.nyt.com/images/2024/05/01/multimedia/01dc-pandas-mwbq/01dc-pandas-mwbq-mediumSquareAt3X.jpg,Asia,Africa,South America,Oceania,Animal Habitats,Geography,2
What continent do kiwis come from?,https://www.mpg.de/11619430/original-1662552910.jpg?t=eyJ3aWR0aCI6MTIwMCwiaGVpZ2h0IjpudWxsLCJmaXQiOm51bGwsIm9ial9pZCI6MTE2MTk0MzB9--8826461db29a490dadb8bd433235d0be47f1a9f9,Oceania,Africa,South America,North America,Animal Habitats,Geography,3
What continent do American Alligators come from?,https://www.nwf.org/-/media/NEW-WEBSITE/Shared-Folder/Wildlife/Reptiles/reptile_american-alligator-florida_brian-imparato_600x300.jpg,North America,South America,Europe,Oceania,Animal Habitats,Geography,2
What continent does the platypus come from?,https://scrollonline.net/wp-content/uploads/2017/11/plat1-900x600.jpg,Oceania,South America,Africa,Asia,Animal Habitats,Geography,3
What continent do tree kangaroos come from?,https://d1jyxxz9imt9yb.cloudfront.net/animal/651/meta_image/regular/AdobeStock_309860821_458603_reduced.jpg,Oceania,South America,Asia,Europe,Animal Habitats,Geography,3
What continent do Scottish Wildcats come from?,https://upload.wikimedia.org/wikipedia/commons/b/b6/Scottish_wildcat_%26_kitten.jpg,Europe,North America,South America,Asia,Animal Habitats,Geography,1
What continent do Glacier Bears come from?,https://i.pinimg.com/originals/a3/98/80/a398800445f9e973e5e3405ec64afbfa.jpg,North America,South America,Africa,Antarctica,Animal Habitats,Geography,5
What continent do Brookesia Micra  come from?,https://cdn.mos.cms.futurecdn.net/u8e8B8aEGJjDw7asTZ8rHL-1200-80.jpg,Africa,South America,Asia,Oceania,Animal Habitats,Geography,5
What continent does the Pygmy Three-Toed Sloth come from?,https://ideas.ted.com/wp-content/uploads/sites/3/2020/11/FINAL_DSC06088.jpg,South America,Africa,Asia,Oceania,Animal Habitats,Geography,5
What continent do Southern Adders come from?,https://upload.wikimedia.org/wikipedia/commons/1/1e/Bitis_armata_183317452.jpg,Africa,South America,North America,Asia,Animal Habitats,Geography,5
What continent do Emperor Penguins live in?,https://upload.wikimedia.org/wikipedia/commons/thumb/a/a3/Aptenodytes_forsteri_-Snow_Hill_Island%2C_Antarctica_-adults_and_juvenile-8.jpg/800px-Aptenodytes_forsteri_-Snow_Hill_Island%2C_Antarctica_-adults_and_juvenile-8.jpg,Antarctica,South America,Africa,North America,Animal Habitats,Geography,1
What continent do Pygmy Rattlesnakes live in?,https://srelherp.uga.edu/wp-content/uploads/sites/70/2024/05/Pygmy-Rattlesnake-4-1024x767.jpeg,North America,South America,Africa,Oceania,Animal Habitats,Geography,3
What continent do koalas live in?,https://cdn.britannica.com/26/162626-050-3534626F/Koala.jpg,Oceania,Africa,Asia,Europe,Animal Habitats,Geography,2
What continent do giant tortoises live in?,https://upload.wikimedia.org/wikipedia/commons/a/aa/A._gigantea_Aldabra_Giant_Tortoise.jpg,South America,Africa,Asia,Oceania,Animal Habitats,Geography,5
What continent do Tasmanian devils live in?,https://upload.wikimedia.org/wikipedia/commons/4/43/Sarcophilus_harrisii_taranna.jpg,Oceania,Africa,South America,North America,Animal Habitats,Geography,3
What continent do Black-Footed Ferrets live in?,https://upload.wikimedia.org/wikipedia/commons/c/cf/Mustela_nigripes_2.jpg,North America,Africa,South America,Europe,Animal Habitats,Geography,5
What island do lemurs live on?,https://cdn.britannica.com/20/154120-050-78DE15C0/lemur.jpg,Madagascar,Australia,Galapagos,New Guinea,Animal Habitats,Geography,4
What continent do Iberian Lynxes live in?,https://images.seattletimes.com/wp-content/uploads/2024/06/06202024_iberianlynx-tzrJune20_tzr_170157.jpg?d=1020x655,Europe,Africa,Asia,South America,Animal Habitats,Geography,4
What continent do woylies live in?,https://www.australianwildlife.org/wp-content/uploads/2019/02/10.-Woylie-W-Lawler-sca7681_3kp-1034x574.jpg,Oceania,Asia,South America,Africa,Animal Habitats,Geography,4
How much is 1 meter in feet?,https://upload.wikimedia.org/wikipedia/commons/thumb/1/17/SCALE.jpg/1200px-SCALE.jpg,3.28,0.5,5.28,4.23,Measurements,Science,3
How many feet are in a mile?,https://parade.com/.image/t_share/MTk3MjQ4Mzk3MDcyMTQ3NzMz/how-many-feet-in-a-mile.jpg,5280,1000,3280,4592,Measurements,Science,3
How many meters are in a kilometer?,https://kaiserscience.wordpress.com/wp-content/uploads/2020/10/cubic-kilometer-nyc-burj-khalifa-empire-state-building-1.jpg,1000,100,500,5000,Measurements,Science,2
"In celsius, what is the boiling point of water?",https://www.theculinaryexchange.com/wp-content/uploads/2015/02/Screen-Shot-2015-01-14-at-12.08.36-e1421262325559-1080x675.png,100,212,50,32,Measurements,Science,1
"In fahrenheit, what is the boiling point of water?",https://www.theculinaryexchange.com/wp-content/uploads/2015/02/Screen-Shot-2015-01-14-at-12.08.36-e1421262325559-1080x675.png,212,100,208,98.6,Measurements,Science,3
How many centimeters are in a meter?,"https://media.officedepot.com/images/f_auto,q_auto,e_sharpen,h_450/products/279832/279832_p_wipo/279832",100,30,300,10,Measurements,Science,2
How many inches are in a foot?,https://m.media-amazon.com/images/I/71hnOvVNEXL.jpg,12,13,14,15,Measurements,Science,1
How many miles are in a marathon?,https://blog.coachparry.com/wp-content/uploads/2023/03/Untitled-Presentation-169-80.jpg,26,30,100,15,Measurements,Science,3
How many atoms are in a mole?,https://chem.libretexts.org/@api/deki/files/56172/CNX_Chem_03_02_moles.jpg?revision=1&size=bestfit&width=650&height=429,Six hundred sextillion,Sixty billion,Fifty septillion,Five hundred thousand,Measurements,Science,5
How many quarts are in a gallon?,https://www.reddit.com/media?url=https%3A%2F%2Fpreview.redd.it%2Fhpvxbmmg7wn61.jpg%3Fwidth%3D640%26crop%3Dsmart%26auto%3Dwebp%26s%3D4266f0f8a856ff466c41fe94ef829c4372e07597,4,2.54,5,3,Measurements,Science,1
How many pints are in a quart?,https://livelytable.com/wp-content/uploads/cooking-coversions/how-many-pints-in-a-quart.jpg,2,3,4,5,Measurements,Science,3
How many cups are in a pint?,https://chefjar.com/wp-content/uploads/2023/01/how-many-cups-in-a-pint-1.jpg,2,4,6,8,Measurements,Science,4
How many liters are in a gallon?,https://wellnessed.com/wp-content/uploads/2022/11/how-many-liters-in-a-gallon.jpg,3.7,4.5,2.4,4.8,Measurements,Science,4
How many seconds are in a day?,https://th.bing.com/th/id/OIP.rksidwwBLqXb3gv-p_K8ZwHaEK?rs=1&pid=ImgDetMain,86400,98000,78200,83300,Measurements,Science,5
"What's the average temperature of the human body, in fahrenheit?",https://th.bing.com/th/id/OIP.23surwEiuicRynQGGm_cTAHaGN?rs=1&pid=ImgDetMain,98.6,97.5,99,95.8,Measurements,Science,2
How many neurons does the average adult have?,https://th.bing.com/th/id/R.6ff3adf53a3e70b4dda38ecc101bc4f3?rik=Kb5a8JirdByL5g&riu=http%3a%2f%2fwww.visakanv.com%2fblog%2fwp-content%2fuploads%2f2011%2f10%2fexpanding-brain.jpg&ehk=DwDinFlMcvzwd1M8mtqDWKNBkGQeeEnTaJoU%2bwrCGLk%3d&risl=&pid=ImgRaw&r=0,86 billion,2,25 trillion,408 billion,Measurements,Science,4
How many chromsome pairs do people typically have?,https://c8.alamy.com/comp/HN2KM1/philadelphia-chromosomecomputer-illustration-of-male-or-female-karyotype-HN2KM1.jpg,23,46,13,48,Measurements,Science,3
How much is 1 kilogram in pounds?,https://askanydifference.b-cdn.net/wp-content/uploads/2022/08/Difference-Between-Pound-and-Kilogram.jpg,2.2,7,21,28,Measurements,Science,4
A stone is a unit of what measurement?,https://www.measuringknowhow.com/wp-content/uploads/2023/10/stone-weight-measurement-1-1024x585.jpg,Weight,Depth,Volume,Sound,Measurements,Science,2
A ship moving at 10 knots is going how fast?,https://th.bing.com/th/id/OIP.9zPD77xnHBbkFsN8Ek7a_wHaD4?rs=1&pid=ImgDetMain,12 mph,8mph,25 mph,2mph,Measurements,Science,5
What element do humans breathe in to survive?,https://media.istockphoto.com/id/1485165147/photo/young-mutli-ethnic-woman-practices-deep-belly-breathing-meditation-in-park.jpg?s=612x612&w=0&k=20&c=KNqEYMSkEYikmTpXMNaKjtZV0F_EwLLj4hW8uoXhrRg=,Oxygen,Carbon,Boron,Helium,Elements,Science,1
What two elements is water made from?,https://festorage.blob.core.windows.net/namethatmolecule2020-21/files/entries/43011/thumbnail-1998dbe3.png,Hydrogen and Oxygen,Carbon and Hydrogen,Hydrogren and Carbon,Nitrogen and Hydrogen,Elements,Science,1
What element has only one proton?,https://solarimpulse.com/files/news/hero_banner/2020-09-25-100336/1601021016.jpg,Hydrogen,Helium,Neon,Oxygen,Elements,Science,3
What type of life form are all living things on earth?,https://www.thoughtco.com/thmb/7dqyPF4xi_pTrOV-S43Xh4VxEro=/1500x0/filters:no_upscale():max_bytes(150000):strip_icc()/diamond-and-piece-of-coal-sb10065243e-001-5b9276394cedfd0025a1b024.jpg,Carbon-based,Oxygen-based,Nitrogen-based,Fluorine-based,Elements,Science,2
Which of these is NOT an element on the periodic table?,https://pubchem.ncbi.nlm.nih.gov/periodic-table/Periodic_Table.png,Bronze,Silver,Iron,Gold,Elements,Science,3
What element was used in the first atomic bomb?,https://upload.wikimedia.org/wikipedia/commons/thumb/d/d8/HEUraniumC.jpg/1200px-HEUraniumC.jpg,Uranium,Plutonium,Oxygen,Californium,Elements,Science,3
What element are diamonds made from?,https://www.sciencing.com/sciencing/elements-make-up-diamonds-6609000/d3efb7a843a24913a680446cb0ac37b2.jpg,Carbon,Curium,Platinum,Xenon,Elements,Science,3
What element smells like rotten eggs?,https://www.thoughtco.com/thmb/35DcunjDg1sPani9qozYcf7j0aM=/1500x0/filters:no_upscale():max_bytes(150000):strip_icc()/GettyImages-90995337-fed426abafaf424d80558a8d71a51105.jpg,Sulfur,Nitrogen,Selenium,Lead,Elements,Science,3
What element is used to make modern-day pencils write?,https://www.penciltalk.org/images/penciltalk.org.carbon.2.jpg,Carbon,Lead,Dubnium,Phosphorus,Elements,Science,2
Which of these elements isn't real?,https://legendary-digital-network-assets.s3.amazonaws.com/wp-content/uploads/2024/07/31082309/adamantium-MCU.jpg,Adamantium,Krypton,Amercium,Nihonium,Elements,Science,5
How many elements are in the periodic table? (circa 2024),https://sciencenotes.org/wp-content/uploads/2015/07/Blank-Periodic-Table.png,118,115,116,120,Elements,Science,4
What element is commonly used to disinfect swimming pools?,https://www.shorelinepools.com/wp-content/uploads/2017/08/chlorine-tabs-1.jpg,Chlorine,Sulfur,Uranium,Fluorine,Elements,Science,1
An umbrella tipped with which element was used to kill a spy? ,https://assets.iflscience.com/assets/articleNo/33355/aImg/9749/1464384156-795-litvinenko-poisoning-polonium-explained-l.jpg,Polonium,Arsenic,Oxygen,Thallium,Elements,Science,5
Which of these is NOT a noble gas?,https://media.istockphoto.com/id/924641300/photo/energy-of-molecule-or-atom.jpg?s=612x612&w=0&k=20&c=dxW7qHFRcAvxEcOqAJFwKd-3XF545UXp9J9u0sXXFww=,Hydrogen,Helium,Argon,Radon,Elements,Science,4
What element did Marie Curie discover?,https://upload.wikimedia.org/wikipedia/commons/b/bb/Radium226.jpg,Radium,Curium,Nickel,Cadmium,Elements,Science,3
What element did the Hindenberg use to float?,https://assets.editorial.aetnd.com/uploads/2012/05/hith-hindenburg-2.jpg,Hydrogen,Helium,Carbon,Neon,Elements,Science,2
What element was recently discovered in April 2010?,https://www.oakridger.com/gcdn/authoring/authoring-images/2024/04/29/NOAK/73504928007-roberto-team.jpg?width=1456&height=818&fit=crop&format=pjpg&auto=webp,Tennessine,Californium,Oganesson,Iridium,Elements,Science,5
What is typically stated to be the max number of valence electrons an atom can have?,https://www.thoughtco.com/thmb/BPOqkhL_mZpTO6He_V1m_qz0UdA=/1500x0/filters:no_upscale():max_bytes(150000):strip_icc()/Cobalt-58b6021e5f9b5860464c40d8.jpg,8,1,16,6,Elements,Science,5
An isotope is an element varying in quantity of what kind of particle?,https://energyeducation.ca/wiki/images/thumb/d/db/Screenshot_2020-01-29_at_5.29.53_PM.png/1200px-Screenshot_2020-01-29_at_5.29.53_PM.png,Neutrons,Protons,Electrons,Omnitrons,Elements,Science,5
What two elements are used to forge bronze?,https://finemetal.ro/wp-content/uploads/what-are-the-properties-of-tin-and-copper-alloy.webp,Copper and Tin,Copper and Silver,Tin and Nitrogen,Iron and Gold,Elements,Science,4
What two elements are used to forge brass?,https://www.sciencesource.com/pix/216/2169475-zinc-copper-and-brass.jpg,Copper and Zinc,Copper and Nickel,Tin and Gold,Iron and Gold,Elements,Science,5
What did Momofuku Ando invent?,https://heavy.com/wp-content/uploads/2015/03/51791741.jpg?quality=65&strip=all,Instant Noodles,The Zipper,Chopsticks,Disposable Fishing Nets,Inventors,Science,2
Who invented the telephone?,https://dailycitizen.focusonthefamily.com/wp-content/uploads/2024/09/GettyImages-615294162-scaled-1.jpg,Alexander Graham Bell,Thomas Edison,Nikolas Tesla,Alex Chang,Inventors,Science,2
Who invented the internet?,https://encrypted-tbn0.gstatic.com/images?q=tbn:ANd9GcQz_a-M-VylcOceCQEPUlgibj7VwNEhqzwXQg&s,Tim Berners-Lee,Elon Musk,Bill Gates,Jimmy Wales,Inventors,Science,4
What did Sam Born invent?,https://imengine.prod.ltn.infomaker.io/?uuid=FDB7461C-EE2D-437C-A70C-03ED565F0C63&type=preview&function=original,Lollipop-Making Machine,Electric Doorbell,Instant Rice,Rubber Tires,Inventors,Science,5
Who invented Braille?,https://dcmp.org/images/learning_center/260/260-1.jpg,Louise Braille,Helen Keller,Marie Van Brown,Nikolas Tesla,Inventors,Science,3
What did Ole Christiansen create?,https://upload.wikimedia.org/wikipedia/en/7/73/Ole_Kirk_Christiansen.jpeg,Lego,The Golden Gate Bridge,The Slinky,Minecraft,Inventors,Science,5
What did Benjamin Franklin invent?,https://oldpostroad.org/sites/default/files/styles/project__900x900_/public/2024-06/bfranklinarmonica_alamy_-_cropped.jpg?itok=bSZNMrnp,Glass Harmonica,Threshing Wheel,Rotating Typewriter,Wooden Sterilizer,Inventors,Science,5
What did Arthur Fry invent?,"https://www.thechemicalengineer.com/media/12986/frysilver.jpg?&maxwidth=980&center=0.5,0.5&mode=crop&scale=both",Post-It Notes,Mechanical Pencils,Plastic Water Bottles,Electric Keyboards,Inventors,Science,2
"Who invented ""silver safekeeper"" anti-tarnish lining?",https://i.ytimg.com/vi/mza-7y69lIk/maxresdefault.jpg,Lori Greiner,J.D. Rockefeller,Heike Onnes,Hedy Lamarr,Inventors,Science,3
Who invented the organ perfusion pump?,https://lh6.googleusercontent.com/proxy/J8T3XLLUdq2nGusR3ZZMPZgg6fiCKUf8M6M3SNvnIn1SFnzHIABn38jVFPtBMNVxkeorVee-rTt5L6HXYOAw-QB_GMn-2tYbacQ7,Charles Lindbergh,Sergei Yudin,Alexander Fleming,Richard Hall Gower,Inventors,Science,4
Who invented the Korean Alphabet?,https://i0.wp.com/londonkoreanlinks.net/wp-content/uploads/2016/08/Sejong.jpg,Sejong the Great,Murasaki Shikibu,Shintaro Uda,Yi Xing,Inventors,Science,2
What did Adolph Rickenbacker invent?,https://i.pinimg.com/originals/c9/aa/65/c9aa65ccbd02791738979894a4f008ca.jpg,Electric Guitar,Electric Bass,Ukelele,Electric Sitar,Inventors,Science,3
Who invented the first powered airplane?,"https://assets.simpleviewinc.com/simpleview/image/upload/c_limit,h_1200,q_75,w_1200/v1/clients/dayton/wright_brothers_5d1a0c6a-b761-455c-b6d4-13bb1b013993.png",The Wright Brothers,The Mario Brothers,The Marx Brothers,The Flying Twins,Inventors,Science,1
What did Jonas Salk invent?,https://www.thenewatlantis.com/wp-content/uploads/legacy/20181214_TNA56Valiunasbanner.jpg,Polio Vaccine,Insulin,Penicillin,Autism,Inventors,Science,3
Who invented the phonograph?,https://www.thoughtco.com/thmb/S6lyjBrj4LB4BB6KlqZjx-zet7M=/1500x0/filters:no_upscale():max_bytes(150000):strip_icc()/Edison-early-phonograph-3000-3x2-5a44fae1b39d030037b22468.jpg,Thomas Edison,Alexander Graham Bell,Tim Cook,Cyril Duquet,Inventors,Science,2
Who invented the iPhone?,https://media.wired.com/photos/5952d4f5ae4a4866ec227956/master/pass/iPhone-AP_070109070253.jpg,Steve Jobs,Bill Gates,Linus Torvalds,Notch,Inventors,Science,1
Who invented the baby diaper (with pockets)?,https://i.dailymail.co.uk/1s/2022/12/23/19/65892199-11570343-_I_have_been_a_professional_actress_since_I_was_19_years_old_so_-a-22_1671823736825.jpg,Jamie Lee Curtis,Lori Greiner,Eugen Baumann,Maria Beasley,Inventors,Science,4
What did Grace Hopper invent?,"https://education.casio.co.uk/images/width=1400,height=500,crop=0/2022/08/grace-2.png",Computer Compiler,Linux,Stereotape,Geometry,Inventors,Science,3
What did Nancy Johnson invent?,https://www.kingsgate.edu.my/wp-content/uploads/2019/10/5a9cc9_c460b55927524159ae289834708c4736.png,Ice Cream Maker,Butter Churner,Refuse Disposer,Speed Composter,Inventors,Science,4
Who invented MS-DOS?,"https://media.cnn.com/api/v1/images/stellar/prod/210519231544-01-bill-gates-unf.jpg?q=w_1576,c_fill",Bill Gates,John Atanasoff,Boris Babayan,John von Neumann,Inventors,Science,3
What is the largest organ of the human body?,https://www.orogoldcosmetics.com/wp-content/uploads/2024/01/great-skin.jpg,Skin,Liver,Lungs,Stomach,Biology,Science,2
What part of the brain controls automatic actions like breathing?,https://www.defeatingepilepsy.org/wp-content/uploads/2024/03/brain-stem.jpg,Brain Stem,Occiptal Lobe,Temporal Lobe,Parietal Lobe,Biology,Science,2
What chemical determines someone's skin color?,https://www.socialpinpoint.com/wp-content/smush-webp/2022/08/how-diversity-affects-decision-making-in-community-engagement-public-participation.jpg.webp,Melanin,Laudanum,Thyroxine,Peptide,Biology,Science,2
How tall was the world's tallest man?,"https://images-bonnier.imgix.net/files/ill/production/worlds-tallest-man-ever.jpeg?auto=compress,format&w=2618&fit=crop&crop=focalpoint&fp-x=0.5&fp-y=0.5","8' 11""","8' 2""","9' 5""","10' 1""",Biology,Science,4
How short was the world's shortest person?,https://www.reuters.com/resizer/v2/https%3A%2F%2Farchive-images.prod.global.a201836.reutersmedia.net%2F2012%2F02%2F26%2F2012-02-26T135013Z_01_GM1E82Q1E6001_RTRRPP_0_NEPAL.JPG?auth=642cac874a346c70e75bc3eab8ff6f5e9693c167c49e69c5021df68adcb94669&width=1920&quality=80,"1' 9""","3' 0""","2' 4""","2' 1""",Biology,Science,5
How long did the world's oldest person live?,https://growingbolder.com/wp-content/uploads/2024/07/Jeanne-Calment.jpg,122 years,112 years,120 years,126 years,Biology,Science,4
How much blood alcohol is needed to be legally drunk in the USA?,https://www.bactrack.com/cdn/shop/articles/08-hero4_1000x.jpg?v=1567717624,0.08% BAC,0.11% BAC,0.05% BAC,0.16% BAC,Biology,Science,3
What bone structure protects your heart?,https://www.visiblebody.com/hs-fs/hubfs/Blog_Images/3D%20Skeletal%20System%20Updates/skeletal-system-thoracic-cage-front.png?width=515&name=skeletal-system-thoracic-cage-front.png,Rib Cage,Phalanges,Fibula,Vertebrae,Biology,Science,2
How many wisdom teeth do people typically have?,https://eaipefi6dg4.exactdn.com/wp-content/uploads/2024/01/wisdom-teeth.jpg?strip=all&lossy=1&ssl=1,4,6,12,7,Biology,Science,3
In what country do people have the longest life expectancy? ,https://fpcj.jp/wp/wp-content/uploads/2016/10/76494b291a78a8ad44e07557b9633219-300x207.jpg,Japan,United States,Italy,Norway,Biology,Science,4
What kind of disease is COVID-19?,https://www.nfid.org/wp-content/uploads/bb-plugin/cache/Coronavirus-panorama-360955692d38b15a32de9610d01a1a10-ifmulep01ros.png,A virus,A prion,A bacteria,A conspiracy,Biology,Science,1
Which system helps process your food?,https://media.healthdirect.org.au/images/inline/original/digestive-system-2257b1.png,Digestive System,Immune System,Reproductive System,Skeletal System,Biology,Science,1
How long does it typically take to carry a baby to term?,https://media.istockphoto.com/id/1197692604/photo/portrait-of-young-happy-pregnant-woman-standing-by-the-window.jpg?s=612x612&w=0&k=20&c=yE3c2YBNRlBPE4fQRmwO-Oxwp46wN0seHtSRUv_7FsI=,40 weeks,35 weeks,38 weeks,30 weeks,Biology,Science,3
What's the IQ of the average person?,https://static.vecteezy.com/system/resources/previews/020/522/272/non_2x/nerd-face-emoji-free-png.png,100,95,120,70,Biology,Science,1
Where are your adrenal glands located?,https://openpub.libraries.rutgers.edu/developmentacrossthelifespan/wp-content/uploads/sites/13/2022/04/chap-6-cover-image-1.png,On top of kideys,Below the brain,Inside the ankle,Near the heart,Biology,Science,3
What organ releases enzymes and regulates blood sugar?,https://cdn.mos.cms.futurecdn.net/6nZWaqsX5KvF8AB2QTj7NS.jpg,Pancreas,Kidneys,Appendix,Parathyroid Gland,Biology,Science,5
What organ stores up biles?,https://agavesurgery.com/wp-content/uploads/2018/10/shutterstock_795379204.jpg.webp,Gall Bladder,Kidneys,Liver,Lungs,Biology,Science,5
"What long, tube-like organ absorbs nutrients and water?",https://cdn.mos.cms.futurecdn.net/mNBb4oENB289aT8NSXRupC-1200-80.jpg,Intestines,Gall Bladder,Uterus,Thorax,Biology,Science,2
What organs are shown here?,https://www.uhhospitals.org/-/media/images/social/kidneys_blog-opengraph.jpg,Kidneys,Lungs,Intestines,Adrenal Glands,Biology,Science,3
Where are the ossicles located?,https://www.jaymaisel.com/cdn/shop/products/024_England_0148_710x710.jpg?v=1585323357,Ear,Nose,Testicles,Hair,Biology,Science,5
What kind of warrior is Naruto?,https://occ-0-8407-1722.1.nflxso.net/dnm/api/v6/9pS1daC2n6UGc3dUogvWIPMR_OU/AAAABQ94zuZk-nr5fUE0hX0b1QTxRqftRmYdV97decHANZkQNK8MmOuVGLpgxGJvy_RMfl4UBvigYJnUluud1n5dE--qdMrMlmwF43fG8WkYSSIHkU8ORSuYInVb.jpg?r=480,Ninja,Samurai,Viking,Seeker,Biology,Pop Culture,2
Around how old is Renge? (Non Non Biyori),https://static.wikia.nocookie.net/nonnontv/images/5/52/Non_Non_Biyori_-_OP_00.28.png/revision/latest?cb=20140910125111,6,16,60,600,Anime,Pop Culture,4
What kind of animal is Holo?,https://i0.wp.com/anitrendz.net/news/wp-content/uploads/2024/03/spice-and-wolf-abundant-harvest-visual-e1711569023170.jpg,Wolf,Fox,Raccoon,Cat,Anime,Pop Culture,4
What genre is Kaguya-sama wa Kokurasetai?,https://simkl.in/fanart/12/126537094d86545d2c_w.jpg,Romance,Horror,Sports,Historical,Anime,Pop Culture,3
"What does the word ""Monogatari"" mean?",https://pbs.twimg.com/media/EWzPMApWkAcGXnI?format=jpg&name=large,Story,Harem,Nucleus,Vampire,Anime,Pop Culture,5
Who is the character shown?,https://i.redd.it/yvx7embjur0c1.jpg,Gojo,Sukuna,Ash,Edward,Anime,Pop Culture,3
What is Ocahko's (BNHA) quirk?,https://i.ytimg.com/vi/f7mUu9LS0-o/hq720.jpg?sqp=-oaymwEhCK4FEIIDSFryq4qpAxMIARUAAAAAGAElAADIQj0AgKJD&rs=AOn4CLDlurHlPHidOte6PVYNuVwrsGHtTg,Zero Gravity,Invisibility,Super Speed,Laser Vision,Anime,Pop Culture,3
What did Okabe invent (Stein;s Gate)?,https://static.wikia.nocookie.net/steins-gate/images/8/88/Time_Leap_Machine.png/revision/latest?cb=20230515222554,Time Machine,Fission Microwave,Ultra Sound System,Death Ray,Anime,Pop Culture,3
What is Luffy the captain of (One Piece)?,https://a.storyblok.com/f/178900/960x540/d8dc62ca3d/luffy-one-piece-25th-anniversary-banner.png/m/filters:quality(95)format(webp),Pirate Ship,Space Ship,Military Unit,Race Car Crew,Anime,Pop Culture,2
What type of Titan is this?,https://static.wikia.nocookie.net/shingekinokyojin/images/2/2e/Anti-Titan_artillery_mounted_on_the_Cart_Titan.png/revision/latest?cb=20220116172325,Cart Titan,Jaw Titan,Beast Titan,Armored Titan,Anime,Pop Culture,4
What type of Pokemon is Pikachu?,https://bleedingcool.com/wp-content/uploads/2021/06/Pikachu-color-model-publicity-cel-1200x900.jpg,Electric,Dark,Normal,Fire,Anime,Pop Culture,2
What instrument does Bocchi play? (Bocchi the Rock),https://i1.sndcdn.com/artworks-XiARyp7lTuyoC80t-4OV3qQ-t1080x1080.jpg,Guitar,Bass,Drums,Violin,Anime,Pop Culture,3
What does Tanjiro slay?,https://static1.cbrimages.com/wordpress/wp-content/uploads/2021/09/tanjiro-vs-kyogai.jpg,Demons,Aliens,Elves,Humans,Anime,Pop Culture,3
What sport do they play in Haikyuu?,https://static0.gamerantimages.com/wordpress/wp-content/uploads/2021/04/Sports-Anime-Haikyuu-Volleyball.jpg,Volleyball,Basketball,Soccer,Handball,Anime,Pop Culture,3
"In Fruits Basket, characters are cursed to turn into what kinds of animals?",https://previewsworld.com/SiteImage/MainImage/STL234233.jpg,Zodiac Animals,Mammals,Tennoji Zoo Animals,Werewolves,Anime,Pop Culture,2
What is the name of the movie shown?,https://actar.wordpress.com/wp-content/uploads/2011/11/f68e28bd53d81e775800b857d5ccf194.jpg,Kiki's Delivery Service,A Silent Voice,Your Name,Mugen Train,Anime,Pop Culture,2
What kind of girl is Homura? (Puella Madoka Magica),https://miro.medium.com/v2/resize:fit:1200/1*aY5OzkUm_bfO9I8jltR9DA.jpeg,Magical Girl,Cosplayer,Valkyrie ,Serial Killer,Anime,Pop Culture,2
What happens to someone when Light writes their name in his notebook?,"https://assets.zyrosite.com/cdn-cgi/image/format=auto,w=480,h=270,fit=crop/AR0b5XDqBBFnQQRV/main-qimg-fb7f106b806e34e0349b1865b1888736-lq-1-mP4QnJ6vDOIwBDn7.jpeg",They die,They fall in love,They join the team,Nothing,Anime,Pop Culture,3
"Finish the quote: In the name of the moon, I'll…",https://orion-uploads.openroadmedia.com/xl_430ff7de68a4-sailor-moon-feature.jpg,Punish you!,Kill you!,Defeat you!,Snuggle you!,Anime,Pop Culture,3
Who is the main protagonist of Cowboy Bebop?,https://upload.wikimedia.org/wikipedia/en/thumb/1/1d/Cowboy-bebop-754433.jpg/220px-Cowboy-bebop-754433.jpg,Second from the left,First from the lift,Third from the left,Fourth from the left,Anime,Pop Culture,4
What kind of fighter is Frieren (Frieren's Journey),https://media.nichegamer.com/wp-content/uploads/2023/03/frieren-03-08-2023-1-e1678319874875.jpg,Mage,Warrior,Rogue,Priestess,Anime,Pop Culture,3
What happens when you lose in Squid Game? (Squid Game),https://cdn.mos.cms.futurecdn.net/KMfHdYVhaY7DYqbLk8PA3L.jpg,You die,You are deported,You go into debt,You transmorgify,Television,Pop Culture,1
What kind of criminal is Dexter? (Dexter),https://assets-prd.ignimgs.com/2024/07/27/dexter-1-29a00079f9c9425fbf71b37f24c05889-1722045857333.jpg,Serial Killer,Tax Evader,Arsonist,Bank Robber,Television,Pop Culture,3
What war do the band of brothers fight in? (Band of Brothers),https://m.media-amazon.com/images/M/MV5BMzFhMDQ5MTItMjllMy00YmM2LTk3NmYtY2I3MTIxMzAyNDFlXkEyXkFqcGdeQW1pYnJ5YW50._V1_.jpg,World War II,World War I,Crimean War,Vietnam,Television,Pop Culture,2
What is the show Cheronobyl about?,https://m.media-amazon.com/images/M/MV5BZTVhYzgzZWYtNDIxYy00YThkLThiMWItOTJmNTI0ZjA4MjI2XkEyXkFqcGdeQWtlbGFyc2Vu._V1_.jpg,A nuclear disaster,The war in Ukraine,The Cheronbyl Olympics,The advertising industry,Television,Pop Culture,2
What job does Sherlock have? (Sherlock),https://media.gq.com/photos/587fc5f89f035d655c068b13/16:9/w_2560%2Cc_limit/SHERLOCK.jpg,Detective,Serial Killer,Fashion Designer,Politician,Television,Pop Culture,1
What streaming service is Black Mirror available on?,https://www.themonochromeman.com/articles/article-images/black-mirror-logo.png,Netflix,Hulu,HBO,Disney Plus,Television,Pop Culture,2
What city does The Wire take place in?,https://i.guim.co.uk/img/media/7889fca13a88183f5f1eaf2c0bfa3f3b96bd7373/0_17_2079_1247/master/2079.jpg?width=1200&quality=85&auto=format&fit=max&s=d604832d5f9f29bae9605be13b2636c2,Baltimore,Washington DC,Seattle,New York City,Television,Pop Culture,4
What state does the Sopranos take place in?,https://static01.nyt.com/images/2024/01/14/realestate/10SopranosHomes2/12SopranosHomes2-articleLarge.png?quality=75&auto=webp&disable=upscale,New Jersey,Connecticut,Georgia,Tennesee,Television,Pop Culture,4
What is the name of this object? (Game of Thrones),https://pyxis.nymag.com/v1/imgs/0ca/511/85764f04d4594e15df60e773543085a98a-15-GOT-throne.rsocial.w1200.jpg,Iron Throne,Storm of Swords,Shrine of War,Death Chair,Television,Pop Culture,3
What is the name of David Attenborough's nature documentary series?,https://ichef.bbci.co.uk/images/ic/1920x1080/p0gktm38.jpg,Planet Earth,An Elephant's Journey,Wreaths of Grass,The Great Expanse,Television,Pop Culture,3
What does the Dunder Miffin company sell? (The Office),https://fhsnixnews.com/wp-content/uploads/2023/02/office.png,Paper,Stocks,Suits,Muffins,Television,Pop Culture,3
What class spaceship is the Serenity?,https://static0.gamerantimages.com/wordpress/wp-content/uploads/2023/01/firefly.jpeg,Firefly ,Dragon,Premium,Red Elite,Television,Pop Culture,2
What nationality is John Oliver?,https://static.hbo.com/content/dam/hbodata/series/last-week-tonight-with-john-oliver/cast/john-oliver-1920.jpg?w=1200,British,Irish,American,Canadian,Television,Pop Culture,3
What's the name of the central actor? (It's Always Sunny in Philadelphia),https://www.rogerebert.com/wp-content/uploads/2024/07/Its-Always-Sunny-in-Philadelphia-Remains-Confident-in-Record-Setting-Season.jpg,Danny DeVito,Charlie Day,Glenn Howerton,Artemis Pebdani,Television,Pop Culture,3
What's the name of the restaurant series shown?,https://www.rollingstone.com/wp-content/uploads/2022/07/00173c.jpg?w=1581&h=1054&crop=1,The Bear,The Dragon,The Lilac,The Squid,Television,Pop Culture,2
What decades are Downtown Abbey set in?,https://media.tatler.com/photos/6141e2d92f0bb1a05b6d4c80/master/w_1600%2Cc_limit/social-da_1sht-int_f_hires.jpg,1910s to 1920s,1890s to 1900s,1790s to 1800s,1930s to 1940s,Television,Pop Culture,4
What sport does Ted Lasso coach? (Ted Lasso),https://ntvb.tmsimg.com/assets/p18378380_b_h8_ai.jpg?w=960&h=540,Soccer,Baseball,Swimming,Rugby,Television,Pop Culture,3
What drug does Walter White make? (Breaking Bad),https://mergersandinquisitions.com/wp-content/uploads/2012/07/breaking_bad_s2_0.jpg,Meth,Cocaine,Heroin,Marijuana,Television,Pop Culture,3
Where does My Brilliant Friend take place? (My Brilliant Friend),https://italysegreta.com/wp-content/uploads/2022/05/p08px8n8.jpeg,"Naples, Italy","Athens, Greece","Zagreb, Croatia","Ljublana, Slovenia",Television,Pop Culture,5
What is the name of this minecraft character?,https://www.pluggedin.com/wp-content/uploads/2020/01/minecraft-review-image-1024x587.jpg,Steve,Walter,Ren Lee,Singh,Gaming,Pop Culture,1
What is the name of the game shown?,"https://media.cnn.com/api/v1/images/stellar/prod/130916122734-grand-theft-auto-v-release.jpg?q=w_1920,h_1080,x_0,y_0,c_fill",Grand Theft Auto V,Gran Turismo,Doom,Super Mario Maker,Gaming,Pop Culture,1
What does the M on this hat stand for?,https://target.scene7.com/is/image/Target/GUEST_03df47ef-124e-49fb-a415-eef580786949?wid=488&hei=488&fmt=pjpeg,Mario,Mommy,Megacrit,Mastermind,Gaming,Pop Culture,1
What country does D. VA come from?,https://cdn.mos.cms.futurecdn.net/sVrD5CL2a9EeUXB5jJEEBJ-1200-80.jpg,Korea,Japan,Germany,Spain,Gaming,Pop Culture,1
What species is Tom Nook?,https://static.wikia.nocookie.net/animalcrossing/images/4/40/Tom_Nook%27s_store.jpg/revision/latest?cb=20081115113535,Raccoon,Fox,Rat,Swine,Gaming,Pop Culture,1
What is the name of this Tetris block?,https://atlas-content-cdn.pixelsquid.com/stock-images/red-tetris-l-block-video-games-VRnn1y7-600.jpg,L-Block,Bender,Short Line,Seven Piece,Gaming,Pop Culture,3
What is the name of the game shown?,https://images.pushsquare.com/17709f16faf19/hogwarts-legacy-guide-walkthrough-tips-and-tricks-and-all-collectibles-6.large.jpg,Hogwarts Legacy,Grand Theft Auto,Wizard 101,Twilight Emperium,Gaming,Pop Culture,2
What is this Fortnite location called?,https://static.wikia.nocookie.net/fortnite/images/4/47/Tilted_Towers_%28Chapter_4-_Season_OG%29_-_Location_-_Fortnite.png/revision/latest?cb=20231104172355,Tilted Towers,Hopeful Heights,Shining Span,Camden Market,Gaming,Pop Culture,1
Who is the main character of Elden Ring?,https://static1.thegamerimages.com/wordpress/wp-content/uploads/2022/02/elden-ring.jpg,The Tarnished,The Lusterless,The Chosen,The Honored One,Gaming,Pop Culture,4
What do you do in Stardew Valley?,https://shared.fastly.steamstatic.com/store_item_assets/steam/apps/413150/capsule_616x353.jpg?t=1711128146,Farm,Capture cosmons,Horse race,Fight demon lord,Gaming,Pop Culture,2
How many characters are in Super Smash Brothers Ultimate? (official),https://ssb.wiki.gallery/images/thumb/5/51/SSBU_Character_Select_DLC.png/1200px-SSBU_Character_Select_DLC.png,82,78,72,65,Gaming,Pop Culture,5
What is the name of the game shown?,https://store-images.s-microsoft.com/image/apps.9967.65079731096933175.a08cf79d-9c48-4fcd-90eb-63df0c6a136c.694bcbcd-e366-4c1a-9ba1-96861c66d173?q=90&w=480&h=270,The Walking Dead,The Wolf Among Us,Resident Evil,Until Dawn,Gaming,Pop Culture,3
What is the name of the virtual assistant in Halo?,https://techland.time.com/wp-content/uploads/sites/15/2012/11/halo-4-cortana.jpg?w=600,Cortana,Siri,Alice,Lilith,Gaming,Pop Culture,3
Which console has sold the most?,https://www.slashgear.com/img/gallery/the-10-best-selling-game-consoles-of-all-time-ranked/l-intro-1692815719.jpg,Playstation 2,Nintendo Switch,Xbox 360,Atari 2600,Gaming,Pop Culture,3
Who is on the cover of FIFA 18?,"https://m.media-amazon.com/images/I/816-STm+eyL._AC_UF1000,1000_QL80_.jpg",Cristiano Ronaldo,Lionel Messi,Kylian Mbappe,Diego Maradona,Gaming,Pop Culture,4
In what game series can you fight zombies as Fidel Castro?,https://cdn.mos.cms.futurecdn.net/cdbc98fffc51ebff0e81c7dc5589567b.jpg,Call of Duty,Doom,Halo,Castlevania,Gaming,Pop Culture,4
What will happen when Mario eats this mushroom?,https://i.ytimg.com/vi/05-sY66-7Io/sddefault.jpg,He becomes smaller,He becomes larger,He becomes a frog,He gains the ability to fly,Gaming,Pop Culture,4
What game genre is Human Fall Flat?,https://store-images.s-microsoft.com/image/apps.56875.69811231537758929.242607a4-709e-46fd-84b6-9cff16c7c474.fcd5c8d7-2080-4840-9f5a-850a5032a928,Puzzle,Stealth,Battle Royale,First Person Shooter,Gaming,Pop Culture,3
What game has a secret level where you fight cows?,https://static.wikia.nocookie.net/diablo/images/f/fe/Cow03.jpg,Diablo II,Doom,Path of Exile,Warhammer,Gaming,Pop Culture,5
What's the name of this Mario Kart course?,https://static.wikia.nocookie.net/mariokart/images/a/a0/Maple_Treeway_in_MK8DX.jpg/revision/latest?cb=20221121173948,Maple Treeway,Caterpillar Crater,Toadsley Village,Autumn Trail,Gaming,Pop Culture,4
What element does Aang bend (Avatar the Last Airbender),https://static01.nyt.com/images/2020/06/19/arts/18AIRBENDER-CARTOON2/18AIRBENDER-CARTOON2-mediumSquareAt3X.jpg,Air,Water,Fire,Earth,Cartoons,Pop Culture,1
What is the name of the series shown?,https://images.paramount.tech/uri/mgid:arc:imageassetref:shared.southpark.global:bc418d66-7342-11ea-a59c-0a7527021758?quality=0.7&gen=ntrn,South Park,Family Guy,Simpsons,Big Mouth,Cartoons,Pop Culture,1
Where does Spongebob Squarepants live?,https://static.wikia.nocookie.net/spongebob/images/9/9d/Man_Ray_Returns_001.png/revision/latest?cb=20171001162510,In a pineapple,Under a rock,In a stone house,In the Krusty Krab,Cartoons,Pop Culture,2
What is the name of the show pictured?,https://assets.foxdcg.com/dpp-uploaded/images/bobs-burgers/D_SER000856DLJP_chip_ENT_bob%27s_burgers_s15_2024-keyart.jpg,Bob's Burgers,The Bear,Kitchen Nightmares,King of the Hill,Cartoons,Pop Culture,1
What kind of warrior is Jack?,https://resizing.flixster.com/eBorpvd4mpbNJWvbb9BT-ota-NQ=/fit-in/705x460/v2/https://resizing.flixster.com/-XZAfHZM39UwaGJIFWKAE8fS0ak=/v3/t/assets/p481593_i_h9_ae.jpg,Samurai,Ninja,Knight,Karate Master,Cartoons,Pop Culture,1
What kind of creature is Perry? (Phineas and Ferb),https://static.wikia.nocookie.net/phineasandferb/images/6/66/Profile_-_Perry_the_Platypus.PNG/revision/latest?cb=20200401182751,Platypus,Beaver,Raccoon,Otter,Cartoons,Pop Culture,1
Which of these is NOT the name of a powerpuff girl?,https://assets.teenvogue.com/photos/5beb340b368e21796e2d8b85/16:9/w_2560%2Cc_limit/ppg2016_keyart_horizontal_nologos_final.jpg,Belle,Blossom,Bubbles,Buttercup,Cartoons,Pop Culture,3
Which of these is NOT the name of a teenage mutant ninja turtle?,https://i.ytimg.com/vi/6HZ5V9rT96M/sddefault.jpg,Caravaggio,Donatello,Michaeangelo,Raphael,Cartoons,Pop Culture,2
What is the name of Scooby's nephew?,https://i.ytimg.com/vi/ZLTjml4eocQ/maxresdefault.jpg,Scrappy-doo,Scraggy-doo,Doo-doo,Dudley-doo,Cartoons,Pop Culture,3
Which teen titan is a Tamaran alien?,https://upload.wikimedia.org/wikipedia/en/thumb/0/04/TeenTitansTogether.png/280px-TeenTitansTogether.png,Starfire,Robin,Raven,Cyborg,Cartoons,Pop Culture,4
How many years has the Simpsons been running? (circa 2024),https://www.historyhit.com/app/uploads/2019/06/The-Simpsons-aged-750px-19102022.jpg,35 years,40 years,45 years,50 years,Cartoons,Pop Culture,5
Which character is Brian? (Family Guy) ,https://upload.wikimedia.org/wikipedia/en/1/1c/Griffin_family.png,The Dog,The Dad,The Kid,The Older Brother,Cartoons,Pop Culture,3
How old is Rick? (Rick and Morty),https://static1.cbrimages.com/wordpress/wp-content/uploads/2022/02/Rick-and-Morty-Family.jpg,Over 70 years old,less than 30 years old,30 to 50 years old,51 to 70 years old,Cartoons,Pop Culture,5
Who is Archer? (Archer),"https://media.gq.com/photos/56fdd30f9978ea9109bcbf65/4:3/w_2248,h_1686,c_limit/Archer_Season7_Episode1_Figgis_Agency.jpg",A Secret Agent,A Health Insurance Salesman,A Stay At Home Dad,A Ninja Warrior,Cartoons,Pop Culture,5
What is Philip's relationship status? (Futurama),https://www.slashfilm.com/img/gallery/futuramas-writers-didnt-think-fry-and-leela-would-ever-fall-in-love/fan-response-shapes-the-series-1662953333.jpg,Taken,Single,Married,Divorced,Cartoons,Pop Culture,4
"Fill in the title: Love, Death, and [Blank]",https://observer.com/wp-content/uploads/sites/2/2019/03/ldr_quad_02_highres.jpg?quality=80,Robots,Chocolate,Phoenix Fire,Resurrection Tech,Cartoons,Pop Culture,2
What's the name of the cartoon series shown?,https://i0.wp.com/heights-photos.s3.amazonaws.com/wp-content/uploads/2019/10/03123550/Big-Mouth-online.jpg?fit=1920%2C1080&ssl=1,Big Mouth,All Grown Up,The Rugrats,Family Guy,Cartoons,Pop Culture,3
Where does the Boondocks take place?,"https://images-wixmp-ed30a86b8c4ca887773594c2.wixmp.com/f/39b207ce-0dce-46db-888f-df1ef43bfeba/d18zd6p-5ef8f397-ff03-479d-87f5-0c5ff4aa1c3c.jpg/v1/fill/w_600,h_600,q_75,strp/the_boondocks_by_simpsonscameos_d18zd6p-fullview.jpg?token=eyJ0eXAiOiJKV1QiLCJhbGciOiJIUzI1NiJ9.eyJzdWIiOiJ1cm46YXBwOjdlMGQxODg5ODIyNjQzNzNhNWYwZDQxNWVhMGQyNmUwIiwiaXNzIjoidXJuOmFwcDo3ZTBkMTg4OTgyMjY0MzczYTVmMGQ0MTVlYTBkMjZlMCIsIm9iaiI6W1t7ImhlaWdodCI6Ijw9NjAwIiwicGF0aCI6IlwvZlwvMzliMjA3Y2UtMGRjZS00NmRiLTg4OGYtZGYxZWY0M2JmZWJhXC9kMTh6ZDZwLTVlZjhmMzk3LWZmMDMtNDc5ZC04N2Y1LTBjNWZmNGFhMWMzYy5qcGciLCJ3aWR0aCI6Ijw9NjAwIn1dXSwiYXVkIjpbInVybjpzZXJ2aWNlOmltYWdlLm9wZXJhdGlvbnMiXX0.wUWweKLRetUj7jYJCzNWoosrXvnhKV7e5fYy6dR3It4","Woodstock, Maryland","Chicago, Illinois","San Francisco, California","Tallahassee, Tennesee",Cartoons,Pop Culture,3
What are the last names of the families in the Flintstones?,https://imgix.ranker.com/list_img_v2/13290/1633290/original/all-the-flintstones-characters-u1?fit=crop&fm=pjpg&q=80&dpr=2&w=1200&h=720,Flintstone and Rubble,Sediment and Igneous,Diamond and Granite,Boulder and Flatrock,Cartoons,Pop Culture,4
What is Cosmo and Wanda's relationship to Timmyy?,https://m.media-amazon.com/images/M/MV5BNmI3ZWE4ODEtMTRhZC00N2Q3LTlmNWQtOWIyNTNmNzU4Y2U5XkEyXkFqcGdeQXVyNzU1NzE3NTg@._V1_.jpg,Godparents,Stepparents,Parents,Parents-In-Law,Cartoons,Pop Culture,4
What holiday does Tokyo Godfathers celebrate?,"https://substackcdn.com/image/fetch/w_1200,h_600,c_fill,f_jpg,q_auto:good,fl_progressive:steep,g_auto/https%3A%2F%2Fbucketeer-e05bbc84-baa3-437e-9518-adb32be77984.s3.amazonaws.com%2Fpublic%2Fimages%2F7fe9585d-a0e1-4125-a5b5-5665db82ce87_1132x675.png",Christmas,Easter,V-J Day,Thanksgiving,Movies,Pop Culture,3
What is the highest grossing movie of all time?,https://m.media-amazon.com/images/S/pv-target-images/16627900db04b76fae3b64266ca161511422059cd24062fb5d900971003a0b70.jpg,Avatar,Alien,Avengers: Endgame,The Warriors of Endless Blue,Movies,Pop Culture,1
What 2023 movie grossed over 1.4 billion dollars?,"https://m.media-amazon.com/images/M/MV5BNGY0ZjA3MzAtYjIwOS00NTk5LThmMzEtNjI0MmU4MzQ1NmRiXkEyXkFqcGdeQWFybm8@._V1_QL75_UY281_CR0,0,500,281_.jpg",Barbie,Singing in the Rain,Once Upon a Time In Hollywood,Mad Max: Fury Road,Movies,Pop Culture,2
What are Gru's yellow companions called? (Despicable Me),https://deadline.com/wp-content/uploads/2022/07/minions-rise-of-gru.jpg?crop=274px%2C193px%2C1789px%2C1003px&resize=681%2C383,Minions,Henchmen,Bananafish,Underlings,Movies,Pop Culture,3
What was the first CGI animated movie?,https://static1.moviewebimages.com/wordpress/wp-content/uploads/2022/12/woody-buzz-cover-pixar.jpg,Toy Story,Cowboys vs Aliens,The Good Dinosaur,Infinity and Beyond,Movies,Pop Culture,1
Which Disney film was based on a theme park ride?,https://static.wikia.nocookie.net/pirates/images/c/cc/Fightforthekey-1-.jpg/revision/latest/scale-to-width-down/1200?cb=20220204180050,Pirates of the Carribean,Swiss Family Robinson,Treasure Island,Once Piece Film: Gold,Movies,Pop Culture,1
What emotion is this? (Inside Out 2),https://static.wikia.nocookie.net/disney/images/a/a3/Profile_-_Anxiety.jpg/revision/latest?cb=20240617215958,Anxiety,Enthusiasm,Cheer,Addiction,Movies,Pop Culture,2
Who is Django? (Django Unchained),https://media.newyorker.com/photos/590952026552fa0be682bfd5/master/pass/Django-unchained-cobb.jpg,A Freed Slave,An Adventurer,An Indentured Servant,A Police Officer,Movies,Pop Culture,1
"Adjusted for inflation, what is the top grossing movie of all time?",https://www.filminquiry.com/wp-content/uploads/2022/07/3D6C6446-B699-4B49-AC63-567EED593EF5.jpeg,Gone with the Wind,Birth of a Nation,The Sound of Music,Jurassic Park,Movies,Pop Culture,3
Who is the lead character in the Ten Commandments?,https://wreg.com/wp-content/uploads/sites/18/2021/04/ten-commandments-feature.jpg?w=1280,Moses,Noah,Trevor,Jesus,Movies,Pop Culture,3
What is the name of Wall-E's crush?,https://thedadhatter.com/wp-content/uploads/2017/12/wall-e-eve-1640.jpg?w=1280&h=768&crop=1,Eve,Sall-E,Lovely,Kira,Movies,Pop Culture,3
What film did these steps appear in?,https://i.redd.it/79moh4ded1s31.jpg,The Joker,Rocky,The 39 Steps,West Side Story,Movies,Pop Culture,5
What movie is being referenced by Chainsawman?,https://preview.redd.it/8u1klwakyvq91.jpg?width=640&crop=smart&auto=webp&s=761e0e65a7b9a744237b721e6aeecc3bb9f9af91,Resevoir Dogs,Once Upon A Time In Hollywood,Kill Bill,The Hateful Eight,Movies,Pop Culture,4
Finish the quote: This is no country for old [blank].,https://static.rogerebert.com/redactor_assets/pictures/scanners/no-country-under-the-skin/ncend2.jpg,Men,Souls,Age,Rules,Movies,Pop Culture,4
What movie was filmed in Djerba?,https://www.silverscreen.tours/wp-content/uploads/2018/10/ajim-mos-eisley-cantina-01-1200x675.jpg,Star Wars: A New Hope,Dune,Lord of the Rings,The Seed of the Sacred Fig,Movies,Pop Culture,4
What movie was filmed in North Carolina?,https://movie-locations.com/movies/h/Hunger-Games-Triple-Falls.jpg,The Hunger Games,Eternal Sunshine of the Spotless Mind,Small Things like These,Memoir of a Snail,Movies,Pop Culture,5
What movie was filmed on these steps?,https://pabucketlist.com/wp-content/uploads/2022/07/Rocky-Steps-Philadelphia-Art-Museum-Philadelphia-PA.jpg,Rocky,Ford vs. Ferrari,The Blind Side,Uncut Gems,Movies,Pop Culture,2
What is the name of the movie shown?,https://divinity.uchicago.edu/sites/default/files/styles/sightings_article_featured_image/public/2022-05/legally-blonde-elle-woods-feminist-icon.jpg?itok=8uLUQsKR,Legally Blonde,My Cousin Vinny,The Mask,Cider House Rules,Movies,Pop Culture,3
What did Rose use to float on? (Titanic),https://miro.medium.com/v2/resize:fit:1400/1*tRbwspDlQpiVPLT5cg3DAQ.jpeg,A door,A sculpture,A lifeboat,Ship debris,Movies,Pop Culture,3
What's the name of the artwork shown?,https://upload.wikimedia.org/wikipedia/commons/thumb/e/ec/Mona_Lisa%2C_by_Leonardo_da_Vinci%2C_from_C2RMF_retouched.jpg/800px-Mona_Lisa%2C_by_Leonardo_da_Vinci%2C_from_C2RMF_retouched.jpg,Mona Lisa,Girl with a Pearl Earring,Marilyn Monroe,Elusive Smile,Artwork,Arts and Literature,1
What's the name of the artwork shown?,https://upload.wikimedia.org/wikipedia/commons/thumb/4/48/The_Last_Supper_-_Leonardo_Da_Vinci_-_High_Resolution_32x16.jpg/640px-The_Last_Supper_-_Leonardo_Da_Vinci_-_High_Resolution_32x16.jpg,The Last Supper,The Massacre at Chios,The Mourning of Christ,Carnival Scene,Artwork,Arts and Literature,1
What's the name of the artwork shown?,https://chspineneedle.com/wp-content/uploads/2016/04/staryy-night.jpg?w=1280&h=768&crop=1,Starry Night,The Siege of Kosel,Bather at the River,Dippers and Great Dots,Artwork,Arts and Literature,1
What's the name of the artwork shown?,https://upload.wikimedia.org/wikipedia/commons/thumb/c/cc/Grant_Wood_-_American_Gothic_-_Google_Art_Project.jpg/640px-Grant_Wood_-_American_Gothic_-_Google_Art_Project.jpg,American Gothic,Frank Elmsward,Ophelia,Dutch Interior,Artwork,Arts and Literature,3
What's the name of the artwork shown?,https://antigonejournal.com/wp-content/uploads/2023/02/SoAR-3.png,School of Athens,The Tribute Money,The Poor Poet,Elysian Ramblers,Artwork,Arts and Literature,3
What's the name of the artwork shown?,https://upload.wikimedia.org/wikipedia/commons/thumb/a/a5/Tsunami_by_hokusai_19th_century.jpg/1200px-Tsunami_by_hokusai_19th_century.jpg,The Great Wave off Kanagawa,The Northern Tempest,Dream of Kamikaze,Ocean's Surge of Joy,Artwork,Arts and Literature,3
What's the name of the artwork shown?,https://media.npr.org/assets/img/2012/05/03/scream_vert-a59c4997eed62f01e7ce9f7471890ea40f1f4636.jpg?s=800&c=85&f=jpeg,The Scream,The Shout,The Shriek,The Screech,Artwork,Arts and Literature,1
What's the name of the artwork shown?,https://i.etsystatic.com/22379379/r/il/008de4/5018339827/il_fullxfull.5018339827_17r7.jpg,Sunflowers,Daffodils,Black-Eyed Susans,Daylilies,Artwork,Arts and Literature,3
What's the name of the artwork shown?,"https://img.etimg.com/thumb/width-1600,height-900,imgsize-62192,resizemode-75,msid-92603226/magazines/panache/auguste-rodins-iconic-the-thinker-sculpture-fetches-11-mn-at-paris-auction.jpg",The Thinker,The Ponderer,The Considerer,The Wonder,Artwork,Arts and Literature,2
What's the name of the artwork shown?,https://ychef.files.bbci.co.uk/1280x720/p070wbmx.jpg,The Night Watch,The After Party,German Soldiers,The Man Who Said No,Artwork,Arts and Literature,5
What's the name of the artwork shown?,https://images.squarespace-cdn.com/content/v1/5f189980db5cb01fc34a47f5/8c2acb20-57a2-4d69-b273-91e95c02be6d/AC-washington-crossing-delaware.jpg,George Washington Crossing the Delaware,Napoleon Crossing the Alps,Napoleon Crossing the Raritan,George Washington Crossing the Raritan,Artwork,Arts and Literature,1
What's the name of the artwork shown?,https://www.moma.org/media/W1siZiIsIjcwNjE5Il0sWyJwIiwiY29udmVydCIsIi1xdWFsaXR5IDkwIC1yZXNpemUgMjAwMHgxNDQwXHUwMDNlIl1d.jpg?sha=d189a0a44e802577,Marilyn Monroe,Mona Lisa,Kate Upton,Mae West,Artwork,Arts and Literature,2
What's the name of the artwork shown?,https://upload.wikimedia.org/wikipedia/commons/thumb/8/82/Francisco_de_Goya%2C_Saturno_devorando_a_su_hijo_%281819-1823%29.jpg/640px-Francisco_de_Goya%2C_Saturno_devorando_a_su_hijo_%281819-1823%29.jpg,Titan Eating His Son,The Potato Eaters,Figure with Meat,Vertumnus,Artwork,Arts and Literature,5
What's the name of the artwork shown?,https://images.squarespace-cdn.com/content/v1/600ecc2f276d9d4dbba5f712/f00d21c5-3d4c-4abf-a492-2850e960ad09/Statue+of+David_Florence_Italy_Europe-1.jpg,David,Goliath,The Thinker,Jason,Artwork,Arts and Literature,2
What's the name of the artwork shown?,https://images.squarespace-cdn.com/content/v1/58504be3d1758e08443a2805/1595514685794-6GB3NY8DR5RGS44KULKT/800px-Johannes_Vermeer_-_Het_melkmeisje_-_Google_Art_Project.jpg,The Milkmaid,The Seamstress,The Housewife,The Hearthkeeper,Artwork,Arts and Literature,3
What's the name of the artwork shown?,https://www.singulart.com/blog/wp-content/uploads/2024/03/The-Son-of-Man.jpg,The Son of Man,Look No Hands,Calm Levitation,"Gravity Study, Malus Variation",Artwork,Arts and Literature,5
What's the name of the artwork shown?,https://upload.wikimedia.org/wikipedia/commons/thumb/a/a8/Nighthawks_by_Edward_Hopper_1942.jpg/1280px-Nighthawks_by_Edward_Hopper_1942.jpg,Nighthawks,Bliss,Phillips,Happy Hour,Artwork,Arts and Literature,5
What's the name of the artwork shown?,https://faceintheblue.wordpress.com/wp-content/uploads/2010/05/cossackslaughing.jpg,Cossacks of Saporog Are Drafting a Manifesto,The Mongol Hoard,The Crimean Treatise,Conquest of Mecca,Artwork,Arts and Literature,5
What's the name of the artwork shown?,https://upload.wikimedia.org/wikipedia/commons/3/38/Goya_Dog.jpg,The Dog,Long Valley,The World of Dark and Light,Empty Space,Artwork,Arts and Literature,3
Who is the artist pictured?,https://upload.wikimedia.org/wikipedia/commons/b/b2/Vincent_van_Gogh_-_Self-Portrait_-_Google_Art_Project.jpg,Vincent Van Gogh,Claude Monet,Henry Matisse,Sean Conway,Artwork,Arts and Literature,3
What book is this illustration from?,https://static1.squarespace.com/static/52f51a96e4b0ec7646cd474a/5328b57de4b067106916ef7f/53683428e4b0e888e9dbc410/1729091862019/?format=1500w,Green Eggs and Ham,Horton Hears a Hoo,The Lorax,The Cat in the Hat,Book Illustrations,Arts and Literature,1
What book is this illustration from?,https://miro.medium.com/v2/resize:fit:5292/1*AOqIfJZqy34IdO2romiT9Q.jpeg,Alice In Wonderland,Half Magic,The Hobbit,The Wizard of Oz,Book Illustrations,Arts and Literature,3
What book is this illustration from?,https://victorianweb.org/art/illustration/mahoney/74.jpg,Oliver Twist,A Tale of Two Cities,The Giver,A Christmas Carol,Book Illustrations,Arts and Literature,3
What book is this illustration from?,https://www.fineartstorehouse.com/p/629/illustration-ghost-visiting-scrooge-edwin-austin-39205569.jpg.webp,A Christmas Carol,Oliver Twist,Dr. Jekyll and Mr. Hyde,Ghost Story,Book Illustrations,Arts and Literature,2
What book is this illustration from?,https://i.ebayimg.com/images/g/AloAAOSwGPhfdvmW/s-l1200.jpg,The Very Hungry Caterpillar,Looking-Glass Insects,Red Light Green Light,Sylvester and the Magic Pebble,Book Illustrations,Arts and Literature,2
What book is this illustration from?,https://www.drdaycare.com/wp-content/uploads/bb-plugin/cache/header-giving-tree-scaled-1-1536x467-panorama-ca66202e5fc1b66b60cae4df476d5a85-i8cxdsjk64ua.jpg,The Giving Tree,The Lorax,The Magic Treehouse,Apples to Apples,Book Illustrations,Arts and Literature,1
What book series is this illustration from?,https://images.fineartamerica.com/images/artworkimages/mediumlarge/3/8-curious-george-curious-george.jpg,Curious George,Goodnight Gorilla,H-ape-y Birthday,Grumpy Monkey,Book Illustrations,Arts and Literature,1
What book series is this illustration from?,https://familyfiction.com/wp-content/uploads/2018/02/berenstain-bears-750x400.jpg,The Berenstain Bears,The Berenstein Bears,The Bernstain Bears,The Bernstein Bears,Book Illustrations,Arts and Literature,4
What book series is this illustration from?,https://cdn.theatlantic.com/thumbor/MIivxZPRQiOzx16tXfMNk5ACrkM=/257x1214:1749x2333/1200x900/media/img/mt/2016/05/FrogToadCover/original.jpg,Frog and Toad,Thread and Kite,Lance and Hopper,Two Good Friends,Book Illustrations,Arts and Literature,2
What book is this illustration from?,https://www.nortonsimon.org/assets/events-images/1e2b58cf2b/Stories-Hat-613.jpg,I Want My Hat Back,Unbearably Bored,The Tortoise and the Hare,Party Animals,Book Illustrations,Arts and Literature,3
What book is this illustration from?,"https://substackcdn.com/image/fetch/f_auto,q_auto:good,fl_progressive:steep/https%3A%2F%2Fbucketeer-e05bbc84-baa3-437e-9518-adb32be77984.s3.amazonaws.com%2Fpublic%2Fimages%2F3593bd37-8c36-4173-83e6-f04de542b2bd_460x338.jpeg",Harold and the Purple Crayon,Charlie and the Chocolate Factory,The Giving Tree,Sylvester and the Magic Stick,Book Illustrations,Arts and Literature,3
What book is this illustration from?,https://i0.wp.com/peschelpress.com/wp-content/uploads/2020/06/willy-wonka-quentin-blake.jpg?fit=578%2C550&ssl=1,Charlie and the Chocolate Factory,The Wizard of Oz,Grandpa Cacao,The Wonderful Story of Henry Sugar,Book Illustrations,Arts and Literature,2
What book is this illustration from?,"https://static.wixstatic.com/media/bca319_edbfca847b524204b7f016bc438638e6~mv2_d_1690_1361_s_2.jpg/v1/fit/w_500,h_500,q_90/file.jpg",The Little Prince,Wizard of the Coast,Little Big Planet,The Beethoven Medal,Book Illustrations,Arts and Literature,4
What book is this illustration from?,https://static01.nyt.com/images/2018/04/26/style/madeline4/madeline4-articleLarge.jpg?quality=75&auto=webp&disable=upscale,Madeleine,Matilda,Maryanne,Margaret,Book Illustrations,Arts and Literature,3
What book is this illustration from?,https://reactormag.com/wp-content/uploads/2018/06/harry-potter-book-cover-740x347.jpg,Harry Potter and the Sorcerer's Stone,Dune,The Chronicles of Narnia,Wizard 101,Book Illustrations,Arts and Literature,1
What book is this illustration from?,https://blogger.googleusercontent.com/img/b/R29vZ2xl/AVvXsEj6GNIHfHL0dVWLyuqxJv2ffNTtQSgUd7w8AMg9Dw-g7Ncw33WulHXYJeTjpSwFMvZw5yk_3lVYTF__BQ9uv1CCaq5THF3dUjeIk_QxohVSrfzM2dfay7wZm_Wgt0bPy0ojCuJVtg/s1600/There+Was+the+Handsome+Pig%252C+and+Over+Him%252C+Woven+Neatly+in+Block+Letters%252C+Was+the+Word+TERRIFIC%252C+Charlotte%2527s+Web+page+95+illustration+by+G+Williams%252C+1952.jpg,Charlotte's Web,Old Yeller,Anansi the Spider,Tangled,Book Illustrations,Arts and Literature,2
What book is this illustration from?,https://cdn2.picryl.com/photo/1886/12/31/mark-twain-les-aventures-de-huck-finn-illustration-p102-4181c0-1024.jpg,The Adventures of Huckleberry Finn,The Little Prince,Treasure Island,Uncle Tom's Cabin,Book Illustrations,Arts and Literature,4
What book series is this illustration from?,https://images.squarespace-cdn.com/content/v1/5570ecafe4b0ce003175f208/1557779348254-70SFWJAMZ6K0Y90VVFOP/FullSizeRender+%2825%29.jpg,Diary of a Wimpy Kid,How to Train Your Dragon,What If? ,Do Not Touch,Book Illustrations,Arts and Literature,5
What book is this illustration from?,https://ychef.files.bbci.co.uk/624x351/p0fpt9j4.jpg,Where the Wild Things Are,I Have A Dream,Through the Looking Glass,Monster,Book Illustrations,Arts and Literature,1
What book series is this illustration from?,https://i.pinimg.com/474x/6b/e4/c6/6be4c675f8b1a57f671918426d385f02.jpg,The Chronicles of Narnia,His Dark Materials,Lord of the Rings,The Wardrobe that Creates Children,Book Illustrations,Arts and Literature,5
What book is this illustration from?,https://www.ericrohmann.com/images/artwork/golden-compass_poster.jpg,The Golden Compass,Hoot,The Polar Express,Subarashiki Hibi,Book Illustrations,Arts and Literature,5
What book is this cover photo from?,https://thegiverirp.weebly.com/uploads/1/1/9/1/11912884/5024322_orig.jpeg,The Giver,The Giving Tree,The Hunger Games,Gregor the Underlander,Book Illustrations,Arts and Literature,5
What is it called when a player walks while holding a basketball?,https://img.bleacherreport.net/img/images/photos/003/737/032/e8a001e4699086d0d46b686cf3bb55c9_crop_north.jpg?1524242947&w=3072&h=2048,A travel,An epic moment,A handball,An anticatch,Sports Rules,Sports,1
Can you touch a ball with your hands in soccer?,https://soccerprime.com/wp-content/uploads/2021/11/hands-soccer.jpg,"Only by accident, or if you're the goalkeeper",Only if you're the goalkeeper,You can never touch the ball,Only by accident,Sports Rules,Sports,2
"In soccer, what happens when a player's given a red card?",https://cdn.images.express.co.uk/img/dynamic/67/590x/1683560_1.jpg,Ejection from game,Forced into a time-out,A harsh warning,A cone of shame,Sports Rules,Sports,2
What's the max number of  golf clubs you can carry in a game?,"https://res.cloudinary.com/pgatour-prod/w_1200,h_628,c_fill,f_auto,q_auto/pgatour/news/editorial/2022/04/05/tiger-bag-1694-gregoryshamus.jpg",14,No limit,10,12,Sports Rules,Sports,4
What is NOT allowed to be worn in women's beach volleyball?,"https://www.usatoday.com/gcdn/authoring/authoring-images/2024/07/25/USAT/74550934007-1420621877.jpg?crop=6172,3474,x3,y337",A bathing suit,Shorts ,Full body suit (cold weather only),Baggy Shorts,Sports Rules,Sports,2
How many holes are in a regulation golf course?,https://media.istockphoto.com/id/473374414/vector/vector-golf-course-aerial-view.jpg?s=612x612&w=0&k=20&c=TJz2qpq0ToMe_AGDuq5SRqWH2oSIdXYtoe1LYr1jxmI=,18,12,16,10,Sports Rules,Sports,3
What's inside a golf ball?,https://www.function18.com/cdn/shop/files/Titleist-Pro-V1-Open-LE-Golf-Balls-T2028S-6POC24-2.jpg?v=1718790171,Rubber,Empty Air,Plastic,Styrium,Sports Rules,Sports,4
Which of these is NOT a fencing weapon?,https://fencingmasters.com/fm/wp-content/uploads/2015/10/weapons-fencing-300x166.jpg,Rapier,Foil,Epee,Sabre,Sports Rules,Sports,3
"In basketball, how far away is the three point line from the net?",https://sportshub.cbsistatic.com/i/r/2020/06/01/74a3e9dc-e851-476a-a7a5-3f16e966d733/thumbnail/1200x675/7b2edcd98ae675ec94026aeb14fa9a68/3-point-line.jpg,About 22 feet,About 12 feet,About 32 feet,About 42 feet,Sports Rules,Sports,4
"In football, how many yards must be gained for downs to be reset?",https://athlonsports.com/.image/ar_1:1%2Cc_fill%2Ccs_srgb%2Cfl_progressive%2Cq_auto:good%2Cw_1200/MTgyMDE4NjE3MjU3MzA1MjE5/how-long-and-wide-is-a-football-field.jpg,10 yards,20 yards,30 yards,15 yards,Sports Rules,Sports,2
What is the max players allowed on a football team?,https://static.clubs.nfl.com/image/private/t_editorial_landscape_12_desktop/bills/nva1gdw5ysq05fegvdik,53,18,26,43,Sports Rules,Sports,3
Is there an NBA rule saying that dogs can't play basketball?,https://resizing.flixster.com/8gZumZJ5b9XG8z5nu6YwBgb0JMM=/fit-in/705x460/v2/https://resizing.flixster.com/-XZAfHZM39UwaGJIFWKAE8fS0ak=/v3/t/assets/p21466_i_h9_aa.jpg,No,"Yes, it was added in 1997","Yes, it was added in 2007","Yes, it was added in 2024",Sports Rules,Sports,2
What sport is this ball used for?,https://www.crankshooter.com/cdn/shop/products/A011_10031428_C031.00_01_12_03.Still013_2.jpg?v=1734052642&width=1946,Lacrosse,Golf,Cricket,Ping Pong,Sports Rules,Sports,5
What sport is this ball used for?,https://nwscdn.com/media/catalog/product/cache/h700xw700/r/e/redfortressball-main.jpg,Cricket,Lacrosse,Bowling,Tennis,Sports Rules,Sports,5
What sport is this ball used for?,https://franklinsports.com/media/catalog/product/cache/421465681dac8f59ae2e23f878a9878a/5/2/52821p6-phase7-detail7_1__1.jpg,Pickleball,Softball,Lacrosse,Cricket,Sports Rules,Sports,3
What sport is this ball used for?,https://www.leatherheadsports.com/cdn/shop/products/Angus_2048x2048_V1_1000x.jpg?v=1511272443,Rugby,American Football,Polo,Cricket,Sports Rules,Sports,4
What sport is this ball used for?,"https://m.media-amazon.com/images/I/61BYcXWqhwL._AC_UF1000,1000_QL80_.jpg",American Football,Cricket,Pickleball,Rugby,Sports Rules,Sports,1
How many black spots are on a soccer ball?,"https://m.media-amazon.com/images/I/61IkrxQ9p8L._AC_UF1000,1000_QL80_.jpg",12,10,15,11,Sports Rules,Sports,3
What sport is this equipment used for?,https://www.gladiator-polo.com/image/cache/data/A%20Polo/Kits/student%20polo%20player%20kit%201-700x700.jpg,Polo,Fencing,Hammer Throw,Croquet,Sports Rules,Sports,5
How high up is a basketball hoop?,https://i.ytimg.com/vi/LbuUfwn7W8s/hq720.jpg?sqp=-oaymwEhCK4FEIIDSFryq4qpAxMIARUAAAAAGAElAADIQj0AgKJD&rs=AOn4CLA29M0Eaivk35iG0S_fmYS6WkLgDA,10 feet,11.4 feet,10.2 feet,12.5 feet,Sports Rules,Sports,3
What sport does Michael Phelps do?,https://blog.myswimpro.com/wp-content/uploads/2020/09/phelps-medals.jpg,Swimming,Pole Vaulting,Track and Field,Basketball,Athletes,Sports,1
What sport does Serena Williams play?,https://cdn.britannica.com/74/234474-050-A8FA4BB2/Serena-Williams-womens-single-trophy-Australian-Open-Januray-28-2017.jpg,Tennis,Track and Field,Surfing,Quidditch,Athletes,Sports,1
What sport does Lionel Messi play?,"https://imageio.forbes.com/specials-images/imageserve/663e595b4509f97fdafb95f5/0x0.jpg?format=jpg&crop=383,383,x1045,y23,safe&height=416&width=416&fit=bounds",Soccer,Tennis,Baseball,Rugby,Athletes,Sports,1
What sport does Lebron James play?,https://cdn.nba.com/headshots/nba/latest/1040x760/2544.png,Basketball,Baseball,American Football,Ping Pong,Athletes,Sports,1
What sport does Tom Brady play?,https://i.abcnewsfe.com/a/1498c8c7-383a-4f88-84e2-33bca85150b0/tom-brady-gty-jef-250102_1735829216929_hpMain_1x1.jpg?w=992,American Football,Soccer,Baseball,Equestrian Racing,Athletes,Sports,1
What sport does Roger Federer play?,https://cdn.britannica.com/22/188722-050-BB193EA3/Roger-Federer-US-Open-2007.jpg,Tennis,Chess,Soccer,Car Racing,Athletes,Sports,1
What sport did Charles Woodson play?,https://images.foxtv.com/static.fox13news.com/www.fox13news.com/content/uploads/2022/02/1280/720/Charles-Woodson.jpg?ve=1&tl=1,American Football,Basketball,Baseball,Lacrosse,Athletes,Sports,5
What sport does Connor McDavid do?,https://dims.apnews.com/dims4/default/4e848dd/2147483647/strip/true/crop/3000x2000+0+0/resize/599x399!/quality/90/?url=https%3A%2F%2Fassets.apnews.com%2F8f%2Fda%2F59f98ec68f2088d6c2c86157fa81%2Fa0d39ac48c5d4c6198ab1c62425d441d,Ice Hockey,American Football,Rugby,Boxing,Athletes,Sports,5
What sport does Virat Kohli play?,"https://c.ndtvimg.com/2024-12/jk2oa9ig_virat-kohli_625x300_29_December_24.jpg?im=FeatureCrop,algorithm=dnn,width=806,height=605",Cricket,Tennis,Table Tennis,Car Racing,Athletes,Sports,5
What sport does Zlatan Ibrahimovic play?,https://i2-prod.liverpool.com/incoming/article29426551.ece/ALTERNATES/s615/0_GettyImages-2153568029jpghis.jpg,Soccer,Basketball,Rugby,Polo,Athletes,Sports,5
What sport does Rory McIllroy play?,https://i2-prod.themirror.com/sport/golf/article882681.ece/ALTERNATES/n615/0_GettyImages-2185100742.jpg,Golf,Tennis,Equestrian Racing,Baseball,Athletes,Sports,5
What sport did Pedro Martinez play?,https://elitesportsny.com/wp-content/uploads/2022/05/USATSI_16712367-scaled.jpg,Baseball,American Football,Rugby,Boxing,Athletes,Sports,5
What sport does Bethany Hamilton do?,https://media.gwnews.com/images/articles/_1500x937_crop_center-center_82_line/1_BethanyH.jpg,Surfing,Swimming,Diving,Tennis,Athletes,Sports,3
What sport does Jonah Lomu play?,https://upload.wikimedia.org/wikipedia/commons/thumb/3/3c/Mardel_24-1-01_lomu_en_villa_marista_foto_fabian_gastiarena.jpg/220px-Mardel_24-1-01_lomu_en_villa_marista_foto_fabian_gastiarena.jpg,Rugby,American Football,Soccer,Chess,Athletes,Sports,5
What sport does Ma Long play?,https://blogger.googleusercontent.com/img/b/R29vZ2xl/AVvXsEhB9KiQXm4eSpo78mTs3Oa6eZqTIiZx82cUWy72fL4GiFrsX8MaEYD_jkvz_GgoyzyCaZt79GDB2d3iexUWq2ra0BmR-R7mxYYjEjeLAeZ_4TMtO6RYEGk1RhrNmV7HW2ujlwNBdBtt7P_m/s1600/42487637002_9103ae31de_k.jpg,Table Tennis,Starcraft,Tennis,Soccer,Athletes,Sports,4
What sport does Filip Filipovic play?,https://total-waterpolo.com/wp-content/uploads/2024/04/Filipovic-1024x576.png,Water Polo,Swimming,Diving,Water Ballet,Athletes,Sports,4
What sport does Giannis Antetokounmpo play?,"https://res.cloudinary.com/pgatour-prod/w_854,h_480,c_fill,f_auto,q_auto/pgatour/news/editorial/2023/08/30/giannis-tgl.jpg",Basketball,Baseball,Cricket,Chess,Athletes,Sports,2
What sport did Walter Johnson play?,https://i.ytimg.com/vi/bv9cvdLKVn8/sddefault.jpg,Baseball,Rugby,American Football,Bocci Ball,Athletes,Sports,1
What sport did Larry Bird play?,https://imengine.prod.srp.navigacloud.com/?uuid=65363339-6238-4964-a136-333935616461&type=primary&q=75&width=1024,Basketball,Baseball,Soccer,American Football,Athletes,Sports,3
What sport does Mac Taylor play?,https://usaultimate.org/wp-content/uploads/2020/11/USAU-D1CC_SOH_240525-175842-ZF-1501-10706-1-014-e1717444788534-800x399.jpg,Ultimate Frisbee,Soccer,Dodgeball,Flag Football,Athletes,Sports,5
Where were the 2024 Summer Olympics held?,https://www.pcma.org/wp-content/uploads/2023/12/The-Olympics-Seine-Paris-2024-Florian-Hulleu.jpg,Paris,Los Angeles,Brussels,Madrid,Olympics,Sports,2
Where were the 2022 Winter Olympics held?,https://ots.nbcwpshield.com/wp-content/uploads/2022/02/GettyImages-1230944318.jpg?quality=85&strip=all&w=1024,Beijing,Seoul,Tokyo,Singapore,Olympics,Sports,3
Where were the 2020 Summer Olympics held?,https://variety.com/wp-content/uploads/2020/01/tokyo-2020-summer-olympic-games-national-stadium-in-tokyo.jpg?w=1000&h=667&crop=1,Tokyo,Beijing,Seoul,Taipei,Olympics,Sports,3
Where were the 2018 Winter Olympics held?,https://assets2.cbsnewsstatic.com/hub/i/r/2018/02/09/1d927a43-1ffc-4e70-8fd3-633b8f881f04/thumbnail/1200x630/f00d0180ff3eea6789fee33c297181fd/gettyimages-916153428.jpg?v=fa9977353833f46f40b07abcd9d5240b,Pyeongchang,Tokyo,Almaty,Oslo,Olympics,Sports,2
Where were the 2016 Summer Olympics held?,https://upload.wikimedia.org/wikipedia/commons/d/de/Terminam_os_Jogos_Ol%C3%ADmpicos_Rio_2016_%2829040726262%29.jpg,Rio de Janeiro,Mexico City,Buenos Aires,Lisbon,Olympics,Sports,3
Where were the 2014 Winter Olympics held?,https://i.guim.co.uk/img/static/sys-images/Travel/Pix/pictures/2014/1/31/1391160013127/The-Olympic-rings-and-the-011.jpg?width=465&dpr=1&s=none&crop=none,Sochi,Kazan,Istanbul,Berlin,Olympics,Sports,3
Where were the 2012 Summer Olympics held?,https://populous.com/uploads/2022/07/London2012_Populous_1-scaled-1.jpg,London,Berlin,New York,Paris,Olympics,Sports,3
Where were the 2010 Winter Olympics held?,https://img.olympics.com/images/image/private/t_social_share_thumb/f_auto/primary/wj6vohjjjdi1np7imj1d,Vancouver,Seattle,Toronto,Portland,Olympics,Sports,2
Where were the 2008 Summer Olympics held?,https://img.olympics.com/images/image/private/t_social_share_thumb/f_auto/primary/vpqy5tbgntaq9ssah52j,Beijing,Tokyo,Nagano,Moscow,Olympics,Sports,2
Where were the 2006 Winter Olympics held?,https://img.olympics.com/images/image/private/t_social_share_thumb/f_auto/primary/uuckeqhnkzkbe6k4ph7h,Turin,Athens,Bern,London,Olympics,Sports,5
Where were the 2004 Summer Olympics held?,https://isoh.org/wp-content/uploads/2015/03/04-the-rings-are-back-pic-Hellenic-Olympic-Committee.jpg,Athens,Rome,Lisbon,Barcelona,Olympics,Sports,2
Where were the 2002 Winter Olympics held?,https://www.usskiandsnowboard.org/sites/default/files/images/news-articles/hero-image/2024-07/2024.jpg,Salt Lake City,Denver,Boise,Park City,Olympics,Sports,4
Where were the 2000 Summer Olympics held?,https://i0.wp.com/www.australiangeographic.com.au/wp-content/uploads/2018/06/Fireworks-_Sydney_Harbour_Bridge-_2000_Summer_Olympics_closing_ceremony.jpg?fit=1000%2C588&ssl=1,Sydney,Cape Town,Jakarta,Beijing,Olympics,Sports,3
Where were the 1998 Winter Olympics held?,https://upload.wikimedia.org/wikipedia/commons/thumb/2/22/M-Wave_northeast_corner_winter.jpg/1200px-M-Wave_northeast_corner_winter.jpg,Nagano,Pyeongchang,Sochi,Turin,Olympics,Sports,5
Where were the 1996 Summer Olympics held?,https://usopm.org/wp-content/uploads/2019/08/olympic-city-atlanta.jpg,Atlanta,Salt Lake City,San Diego,Charlotte,Olympics,Sports,4
Where were the 1994 Winter Olympics held?,https://img.olympics.com/images/image/private/t_original_767-auto/f_auto/primary/ks8nw3j3nrcbamz1k7jh,Norway,Germany,United States,England,Olympics,Sports,5
Where were the 1992 Summer Olympics held?,https://encrypted-tbn0.gstatic.com/images?q=tbn:ANd9GcTvMUEtDp4cRevhIQdf2BRXsdb5EwOlfxJewQ&s,Barcelona,Rome,Nice,Lisbon,Olympics,Sports,5
Where were the 1992 Winter Olympics held?,https://img.olympics.com/images/image/private/t_original_767-auto/f_auto/primary/fbt6ukmitwuaj7e4osyq,France,United States,China,Japan,Olympics,Sports,3
Where were the 1988 Winter Olympics held?,https://olympic.ca/wp-content/uploads/2011/08/1988_calgary_opening_ceremonies16.jpg?quality=100&w=342,Canada,United States,Japan,South Korea,Olympics,Sports,5
Where were the 1988 Summer Olympics held?,https://encrypted-tbn0.gstatic.com/images?q=tbn:ANd9GcTawRrq48kUZyqlsItJLvqqmRp0Not-WzfHTA&s,Seoul,Kyoto,Bangkok,Hanoi,Olympics,Sports,5
Where were the 1948 Summer Olympics held?,https://imagedelivery.net/tbIWbJKEj9qx0hkgQ6WRMA/b1ed515a-c267-485c-a972-b4d07f440e00/logo,London,Dublin,Berlin,Rome,Olympics,Sports,1
Where do the Texans play their home football games?,https://assets.simpleviewinc.com/simpleview/image/upload/crm/houston/nrg-park_3c93de6a-a9d7-d7c6-11571729ce1d3322.jpg,Houston,Austin,Dallas,Los Alamos,Team Cities,Sports,4
Where do the Jets play their home football games?,https://upload.wikimedia.org/wikipedia/commons/thumb/0/04/Metlife_stadium_%28Aerial_view%29.jpg/300px-Metlife_stadium_%28Aerial_view%29.jpg,East Rutherford,Newark,Pittsburgh,Philadelphia,Team Cities,Sports,5
Where do the Bulls play their home basketball games?,https://www.unitedcenter.com/assets/1/7/unitedcenter3.png,Chicago,Detroit,Milwaukee,Denver,Team Cities,Sports,1
Where do the Heat play their home basketball games?,https://www.backsportspage.com/wp-content/uploads/2020/09/sports_miami_shs_ed_arena_0-1184x650-1.jpg,Miami,Honolulu,Los Angeles,San Antonio,Team Cities,Sports,1
Where do the Packers play their home football games?,https://cdn.britannica.com/80/229180-050-E17293B9/Lambeau-Field-Green-Bay-Packers-Wisconson.jpg,Green Bay,Madison,Milwaukee,Philadelphia,Team Cities,Sports,1
Where do the 49ers play their home football games?,https://media.gettyimages.com/id/1244615021/photo/a-general-exterior-view-of-levis-stadium-before-an-nfl-game-between-the-san-francisco-49ers.jpg?s=612x612&w=gi&k=20&c=RCH6x02jXKaGF0UCOhgzCpKH9SeOm3lvKkSdNI4ySos=,San Francisco,Anaheim,Los Angeles,Sacremento,Team Cities,Sports,2
Where do the Steelers play their home football games?,https://static.clubs.nfl.com/image/private/t_editorial_landscape_12_desktop/steelers/cgqzncnvz482zlqarfg0,Pittsburgh,Philadelphia,Detroit,Gary,Team Cities,Sports,2
Where do the Hawks play their home basketball games?,https://content.presspage.com/uploads/1441/1920_statefarmarenabrow.jpg?10000,Atlanta,Washington DC,Phoenix,Houston,Team Cities,Sports,4
Where do the Patriots play their home football games?,https://upload.wikimedia.org/wikipedia/commons/thumb/d/db/Gillette_Stadium_%28Top_View%29.jpg/1200px-Gillette_Stadium_%28Top_View%29.jpg,"Foxborough, MA","Providence, RI","East Rutherford, NJ","Boston, MA",Team Cities,Sports,5
Where do the Pirates play their home baseball games?,https://www.columbusmonthly.com/gcdn/presto/2023/04/12/NCOM/044638c4-59fb-41af-9898-e715d81272af-cm_0423_appalachian_04.jpg,Pittsburgh,San Diego,Tampa Bay,Seattle,Team Cities,Sports,4
Where do the Nationals play their home baseball games?,https://www.ballparksofbaseball.com/wp-content/uploads/2016/03/nats23950.jpg,Washington DC,Arlington ,Baltimore,Shenandoah Valley,Team Cities,Sports,3
Where do the Guardians play their home baseball games?,https://img.mlbstatic.com/mlb-images/image/upload/t_16x9/t_w1024/mlb/acg6dowmfy2ptw86vmik.png,Cleveland,Chicago,Detroit,Washington DC,Team Cities,Sports,5
Where do the Astros play their home baseball games?,https://img.mlbstatic.com/mlb-images/image/private/t_16x9/t_w2208/mlb/hdrzeugx0iaucp4fq22j.jpg,Houston,Washington DC,Miami,Seattle,Team Cities,Sports,3
Where does Arsenal play their home soccer games?,https://www.arsenal.com/sites/default/files/styles/desktop_16x9/public/images/emirates-stadium-aerial-2024.png?h=6dff888f&auto=webp&itok=ZkDePsR_,London,Birmingham,Manchester,Liverpool,Team Cities,Sports,3
Where does Crystal Palace play their home soccer games?,https://upload.wikimedia.org/wikipedia/commons/thumb/4/47/London_Selhurst_Park_crystal_palace_stadium_aerialview.JPG/800px-London_Selhurst_Park_crystal_palace_stadium_aerialview.JPG,London,Birmingham,Manchester,Liverpool,Team Cities,Sports,5
Where does Bayer Leverkusen play their home soccer games?,https://upload.wikimedia.org/wikipedia/commons/e/ef/Bayarena_Leverkusen_2020.jpg,"Leverkusen, Germany","Munich, Germany","Berlin, Germany","Paderborn, Germany",Team Cities,Sports,4
Where do the Rangers play their home hockey games?,http://vassets.ea.com/Assets/Resources/Image/nhl-15-madison-square-garden.jpg,New York City,Dallas,Minnesota,Raleigh,Team Cities,Sports,2
Where do the Devils play their home hockey games?,https://upload.wikimedia.org/wikipedia/commons/thumb/f/f8/PrudentialCenter.MulberryCommons.Newark.2019.jpg/1920px-PrudentialCenter.MulberryCommons.Newark.2019.jpg,Newark,New York City,New Brunswick,Trenton,Team Cities,Sports,4
Where do the Oilers play their home hockey games?,https://trellis.net/wp-content/uploads/2024/07/edmonton-arena-corp.jpg?w=1024,Edmonton,Dallas,Buffalo,Saint Paul,Team Cities,Sports,3
What team has the logo pictured?,https://s.yimg.com/cv/apiv2/default/mlb/20190319/500x500/yankees_wbgs.png,The New York Yankees,New York Giants,Brooklyn Dodgers,Newark Eagles,Sports Logos,Sports,1
What team has the logo pictured?,https://upload.wikimedia.org/wikipedia/en/thumb/6/6d/RedSoxPrimary_HangingSocks.svg/1200px-RedSoxPrimary_HangingSocks.svg.png,Boston Red Sox,Cincinatti Reds,San Antonio Spurs,Chicago White Sox,Sports Logos,Sports,1
What team has the logo pictured?,https://a.espncdn.com/i/teamlogos/nba/500/chi.png, Chicago Bulls,Oxford United F.C.,Buffalo Bulls,Washington Redskins,Sports Logos,Sports,2
What team has the logo pictured?,https://wallpapers.com/images/featured/celtics-logo-png-qg1e1lji7d8hgap6.jpg,The Boston Celtics,The Shamrock Rovers,Hibernian FC,London Irish,Sports Logos,Sports,2
What team has the logo pictured?,https://a.espncdn.com/i/teamlogos/mlb/500-dark/bal.png,The Baltimore Orioles,The Orlando Blackbirds,The Oakdale Ravens,The Oxford Crows,Sports Logos,Sports,2
What team has the logo pictured?,https://s.yimg.com/cv/apiv2/default/nfl/20190724/500x500/2019_NO_wbg.png,New Orleans Saints,The New York Yankees,Tampa Tarpons,Los Angeles Knight Riders,Sports Logos,Sports,2
What team has the logo pictured?,https://upload.wikimedia.org/wikipedia/en/thumb/c/c0/Pittsburgh_Penguins_logo_%282016%29.svg/1200px-Pittsburgh_Penguins_logo_%282016%29.svg.png,The Pittsburgh Penguins,The Philadelphia Flyers,The Washington Capitals,The Calgary Blackbacks,Sports Logos,Sports,2
What team has the logo pictured?,https://a.espncdn.com/combiner/i?img=/i/teamlogos/nba/500/mil.png,The Milwaukee Bucks,The LA Rams,Hartford Yard Goats,The Minnesota Vikings,Sports Logos,Sports,2
What team has the logo pictured?,https://www.sandiegouniontribune.com/wp-content/uploads/migration/2020/03/23/00000171-08dd-d073-a57d-c8ddc5570001.jpg?w=535,The LA Rams,The Milwaukee Bucks,Hartford Yard Goats,The Minnesota Vikings,Sports Logos,Sports,2
What team has the logo pictured?,https://a.espncdn.com/combiner/i?img=/i/teamlogos/nhl/500/det.png, Detroit Red Wings,Los Angeles Angels,Yolo High Wheelers,Worcester Railers,Sports Logos,Sports,3
What team has the logo pictured?,https://a.espncdn.com/combiner/i?img=/i/teamlogos/nfl/500/dal.png,The Dallas Cowboys,Tacoma Stars,Sugar Land Space Cowboys,Omaha Storm Chasers,Sports Logos,Sports,1
What team has the logo pictured?,"https://i.bleacherreport.net/images/team_logos/328x328/arizona_diamondbacks.png?canvas=492,328",Arizona Diamondbacks,Alpine Cowboys,Las Vegas Aces,Albany Firebirds,Sports Logos,Sports,3
What team has the logo pictured?,https://a.espncdn.com/combiner/i?img=/i/teamlogos/nba/500/por.png,Portland Trailblazers,Orlando Magic,Daytona Tortugas,Pecos Bills,Sports Logos,Sports,4
What team has the logo pictured?,https://lirp.cdn-website.com/ef39452c/dms3rep/multi/opt/OttawaBlackJacks_Primary_WhiteWordmark-83afacec-1920w.png,Ottawa Blackjacks,Greenville Swamp Rabbits,Hillsboro Hops,Houston Dash,Sports Logos,Sports,4
What team has the logo pictured?,https://upload.wikimedia.org/wikipedia/en/5/52/Utah_Jazz_logo_2022.svg,Utah Jazz,Nashville Sounds,Toronto Rock,St. Louis Blues,Sports Logos,Sports,4
What team has the logo pictured?,https://upload.wikimedia.org/wikipedia/en/1/18/Tucson_Saguaros_logo.png,Tuscon Saguaros,Valley Suns,Las Vegas Desert Dogs,Denver Outlaws,Sports Logos,Sports,3
What team has the logo pictured?,https://upload.wikimedia.org/wikipedia/en/f/f2/Birmingham_Bulls_%28SPHL%29_logo.png,Birmingham Bulls,Chicago Bulls,Buffalo Bulls,Evansville Bulls,Sports Logos,Sports,5
What team has the logo pictured?,https://upload.wikimedia.org/wikipedia/en/9/95/Anaheim_Ducks_logo_2024.svg,Anaheim Ducks,Down East Wood Ducks,Akron Rubber Ducks,Long Island Ducks,Sports Logos,Sports,4
What team has the logo pictured?,https://lirp.cdn-website.com/082843e8/dms3rep/multi/opt/Niagara_Icon-1920w.png,Niagara River Lions,Detroit Lions,Columbus Lions,BC Lions,Sports Logos,Sports,5
What team has the logo pictured?,https://yt3.googleusercontent.com/pbfyp9o3E-OnS1eCOAQ6ERSG_MNX-_5VdsmkNPdgwtNnGSHKU65cndmcdbAMo8QHru7FOcePO64=s900-c-k-c0x00ffffff-no-rj,Charleston Dirty Birds,Anaheim Ducks,Long Island Ducks,Springfield Thunderbirds,Sports Logos,Sports,4
What team has the logo pictured?,https://upload.wikimedia.org/wikipedia/en/thumb/1/10/Abbotsford_Canucks_logo.svg/1200px-Abbotsford_Canucks_logo.svg.png,Abbotsford Canucks,Calgary Wranglers,California Redwoods,Tennesee Titans,Sports Logos,Sports,5
